"","esttrend","estseasonal","residseries","Yearfrac"
"1",53.7874098241972,-22.4495941394043,6.26214137504565,1900
"2",53.7715726415123,-19.7994443692906,-4.07216487503513,1900.0833
"3",53.7557167922399,-12.1336664852354,6.07790041565489,1900.1667
"4",53.7398808729472,-1.4727297981467,0.432805984952161,1900.25
"5",53.7240466999418,7.80180824296988,5.07410845251057,1900.3333
"6",53.7081963332966,16.5053287998277,8.88642559219996,1900.4167
"7",53.6923690617189,26.0263872944837,-0.118799296585763,1900.5
"8",53.6765473480256,25.0100525551016,-2.68663651363022,1900.5833
"9",53.6607138545743,14.4175524368793,-1.77831555851579,1900.6667
"10",53.644908347749,2.28872571191695,-0.733677000074501,1900.75
"11",53.6291137648937,-13.0172078290495,0,1900.8333
"12",53.6133131934319,-22.4495941394043,0,1900.9167
"13",53.5975465696588,-22.4495941394043,1.75200462936489,1901
"14",53.5817969928238,-19.7994443692906,-4.18238926526214,1901.0833
"15",53.5660476902165,-12.1336664852354,1.66756956408401,1901.1667
"16",53.5503385731833,-1.4727297981467,-1.5776517154252,1901.25
"17",53.5346529131498,7.80180824296988,4.7635021752974,1901.3333
"18",53.518974105699,16.5053287998277,-6.9243521070084,1901.4167
"19",53.5033419285292,26.0263872944837,4.97022783660674,1901.5
"20",53.4877397275662,25.0100525551016,2.80217101403534,1901.5833
"21",53.472150965794,14.4175524368793,-10.2897525668606,1901.6667
"22",53.4566151254534,2.28872571191695,4.55461622225623,1901.75
"23",53.4411155455483,-13.0172078290495,7.976055537938,1901.8333
"24",53.4256356842307,-22.4495941394043,2.02390933576318,1901.9167
"25",53.4102145989708,-22.4495941394043,-2.76066339989595,1902
"26",53.3948355714737,-19.7994443692906,3.60457200291874,1902.0833
"27",53.3794820133063,-12.1336664852354,-2.6458645958594,1902.1667
"28",53.3641924641004,-1.4727297981467,-1.29150560625423,1902.25
"29",53.3489501291126,7.80180824296988,1.94920477733687,1902.3333
"30",53.3337383619146,16.5053287998277,-1.63911617192969,1902.4167
"31",53.3185951281257,26.0263872944837,-4.44502536294256,1902.5
"32",53.3035035667591,25.0100525551016,-1.51359303368426,1902.5833
"33",53.2884469900978,14.4175524368793,-1.40604837433803,1902.6667
"34",53.2734627680298,2.28872571191695,2.13776857972321,1902.75
"35",53.2585340090009,-13.0172078290495,0.158636842372665,1902.8333
"36",53.243644024647,-22.4495941394043,2.7059012347018,1902.9167
"37",53.228829596621,-22.4495941394043,5.12072160247438,1903
"38",53.2140738583633,-19.7994443692906,-5.31466653658937,1903.0833
"39",53.1993601796409,-12.1336664852354,-2.66574250337631,1903.1667
"40",53.1847247831189,-1.4727297981467,-3.21203792524541,1903.25
"41",53.1701508958702,7.80180824296988,-1.8719962596149,1903.3333
"42",53.1556220157877,16.5053287998277,1.83900044983979,1903.4167
"43",53.1411738486438,26.0263872944837,-7.06760408335998,1903.5
"44",53.1267897894208,25.0100525551016,-0.936879541789622,1903.5833
"45",53.1124535379486,14.4175524368793,-4.13005463186044,1903.6667
"46",53.0982003286021,2.28872571191695,5.41303101921838,1903.75
"47",53.0840137967971,-13.0172078290495,-3.36684324459569,1903.8333
"48",53.069877914714,-22.4495941394043,3.47966764822246,1903.9167
"49",53.0558274851546,-22.4495941394043,1.19372371394115,1904
"50",53.0418464480659,-19.7994443692906,0.257560561562535,1904.0833
"51",53.0279191086001,-12.1336664852354,-5.39430111593528,1904.1667
"52",53.0140798643486,-1.4727297981467,2.15860699350885,1904.25
"53",53.0003130100625,7.80180824296988,-1.60215869898025,1904.3333
"54",52.9866032297101,16.5053287998277,-0.791980434472435,1904.4167
"55",52.9729845227434,26.0263872944837,-2.49941475747457,1904.5
"56",52.9594415715314,25.0100525551016,0.730468337138532,1904.5833
"57",52.9459594667413,14.4175524368793,2.53643978317868,1904.6667
"58",52.9325717941317,2.28872571191695,3.77865955367358,1904.75
"59",52.9192636374234,-13.0172078290495,11.3979065606299,1904.8333
"60",52.9060205027703,-22.4495941394043,4.44352541966451,1904.9167
"61",52.8928755234626,-22.4495941394043,-2.34332432442625,1905
"62",52.8798141797106,-19.7994443692906,-5.78040754110775,1905.0833
"63",52.8668223837987,-12.1336664852354,4.66679598568653,1905.1667
"64",52.853932756635,-1.4727297981467,0.218754101068313,1905.25
"65",52.8411311539173,7.80180824296988,-5.54297723247385,1905.3333
"66",52.8284038694187,16.5053287998277,-4.83378067847029,1905.4167
"67",52.8157829351001,26.0263872944837,0,1905.5
"68",52.8032545495987,25.0100525551016,1.28665494939465,1905.5833
"69",52.7908053550993,14.4175524368793,4.09159431083518,1905.6667
"70",52.7784667106528,2.28872571191695,-5.76723536307533,1905.75
"71",52.7662251200021,-13.0172078290495,2.35094464755186,1905.8333
"72",52.7540675308808,-22.4495941394043,1.49547882885668,1905.9167
"73",52.7420245366835,-22.4495941394043,5.10752666228656,1906
"74",52.7300829031641,-19.7994443692906,2.76932328379567,1906.0833
"75",52.718229842653,-12.1336664852354,-9.98461101451104,1906.1667
"76",52.7064950979005,-1.4727297981467,3.06619175985328,1906.25
"77",52.6948656608954,7.80180824296988,-2.29671221182016,1906.3333
"78",52.6833289742225,16.5053287998277,-4.58870530386179,1906.4167
"79",52.6719138570017,26.0263872944837,1.50165590826177,1906.5
"80",52.6606075016859,25.0100525551016,0,1906.5833
"81",52.6493975690471,14.4175524368793,2.23300259562286,1906.6667
"82",52.6383119556934,2.28872571191695,2.17291939225614,1906.75
"83",52.6273381101296,-13.0172078290495,-2.31016885238898,1906.8333
"84",52.6164639481613,-22.4495941394043,6.83308292763112,1906.9167
"85",52.6057163647806,-22.4495941394043,-10.2561651654537,1907
"86",52.5950830020897,-19.7994443692906,6.10432265919214,1907.0833
"87",52.584551983616,-12.1336664852354,1.04906737555477,1907.1667
"88",52.5741491808089,-1.4727297981467,-1.30146232283579,1907.25
"89",52.5638624521591,7.80180824296988,-4.26570954228756,1907.3333
"90",52.5536801553256,16.5053287998277,-6.05905594163376,1907.4167
"91",52.5436271512484,26.0263872944837,-4.77005738596829,1907.5
"92",52.5336915542997,25.0100525551016,-5.44378309736366,1907.5833
"93",52.523861999037,14.4175524368793,-1.94146128123349,1907.6667
"94",52.5141623698978,2.28872571191695,6.2970689778821,1907.75
"95",52.504581090764,-13.0172078290495,5.21258760827951,1907.8333
"96",52.4951071292877,-22.4495941394043,6.05444030698368,1907.9167
"97",52.4857634434328,-22.4495941394043,3.7637877555752,1908
"98",52.4765388302769,-19.7994443692906,1.82286626608092,1908.0833
"99",52.4674226558082,-12.1336664852354,-0.833802730599793,1908.1667
"100",52.458437010934,-1.4727297981467,4.61424984680719,1908.25
"101",52.4495711344828,7.80180824296988,-4.95141879409617,1908.3333
"102",52.4408148597133,16.5053287998277,-5.04619007557948,1908.4167
"103",52.4321894716133,26.0263872944837,2.24138029348035,1908.5
"104",52.4236847184455,25.0100525551016,-3.13377683491566,1908.5833
"105",52.415290967572,14.4175524368793,2.5671103245778,1908.6667
"106",52.407028752977,2.28872571191695,-4.89579740531864,1908.75
"107",52.3988883934457,-13.0172078290495,4.81827972818951,1908.8333
"108",52.390860849516,-22.4495941394043,0.458687165630149,1908.9167
"109",52.3829659454593,-22.4495941394043,-2.83341474642008,1909
"110",52.3751946199262,-19.7994443692906,2.32420989394692,1909.0833
"111",52.3675384729787,-12.1336664852354,0.166082036853993,1909.1667
"112",52.3600166406749,-1.4727297981467,-7.58732978291145,1909.25
"113",52.3526207150691,7.80180824296988,-3.65446896419128,1909.3333
"114",52.345342965568,16.5053287998277,1.24928241098759,1909.4167
"115",52.3382018374237,26.0263872944837,-1.06463207225546,1909.5
"116",52.3311895912224,25.0100525551016,1.75871769341477,1909.5833
"117",52.3242991767529,14.4175524368793,-1.04189728173623,1909.6667
"118",52.3175483197241,2.28872571191695,1.59368302804693,1909.75
"119",52.3109299450844,-13.0172078290495,4.40623756535179,1909.8333
"120",52.3044376747252,-22.4495941394043,-8.15488904348459,1909.9167
"121",52.2980884603489,-22.4495941394043,-2.34853726123702,1910
"122",52.2918758686857,-19.7994443692906,-7.29247198118287,1910.0833
"123",52.2857941673735,-12.1336664852354,13.1478269747331,1910.1667
"124",52.2798594567565,-1.4727297981467,9.99282740115438,1910.25
"125",52.2740659069175,7.80180824296988,2.12408519976873,1910.3333
"126",52.26840838968,16.5053287998277,5.12621763786778,1910.4167
"127",52.2629020587736,26.0263872944837,3.21066770650322,1910.5
"128",52.2575416373383,25.0100525551016,-1.86763501707054,1910.5833
"129",52.2523225488355,14.4175524368793,-4.66991998218261,1910.6667
"130",52.2472588938795,2.28872571191695,4.36397245394624,1910.75
"131",52.242345891504,-13.0172078290495,2.17482093290749,1910.8333
"132",52.2375794584258,-22.4495941394043,4.11196986631505,1910.9167
"133",52.232972532105,-22.4495941394043,2.01657866698856,1911
"134",52.2285207689854,-19.7994443692906,-4.72911758986308,1911.0833
"135",52.224220520389,-12.1336664852354,8.60940133730006,1911.1667
"136",52.2200834550992,-1.4727297981467,-1.24739659729681,1911.25
"137",52.2161056127091,7.80180824296988,-1.0179552362802,1911.3333
"138",52.2122837257102,16.5053287998277,2.58234303890686,1911.4167
"139",52.2086281008366,26.0263872944837,-2.23505833561848,1911.5
"140",52.2051351158333,25.0100525551016,-4.91522924616203,1911.5833
"141",52.2018018409877,14.4175524368793,-4.71939851753911,1911.6667
"142",52.1986371463227,2.28872571191695,-4.88740579857058,1911.75
"143",52.1956377160336,-13.0172078290495,-3.67847166025184,1911.8333
"144",52.1928009286891,-22.4495941394043,0.156749169876822,1911.9167
"145",52.1901341665149,-22.4495941394043,2.45941703253395,1912
"146",52.187634404446,-19.7994443692906,3.7117679913337,1912.0833
"147",52.1852993160484,-12.1336664852354,-11.851676670896,1912.1667
"148",52.1831347710233,-1.4727297981467,-0.410447913221667,1912.25
"149",52.1811380364224,7.80180824296988,-0.782988454315117,1912.3333
"150",52.179307084498,16.5053287998277,2.81532047716347,1912.4167
"151",52.1776462745425,26.0263872944837,-6.1040765093407,1912.5
"152",52.1761531835967,25.0100525551016,-5.88624811507226,1912.5833
"153",52.1748261023457,14.4175524368793,-8.89242197646092,1912.6667
"154",52.1736679067984,2.28872571191695,-6.46243655904719,1912.75
"155",52.1726765161576,-13.0172078290495,6.2444887359159,1912.8333
"156",52.1718505728499,-22.4495941394043,3.1777003293181,1912.9167
"157",52.1711915178317,-22.4495941394043,1.17835968122953,1913
"158",52.1706976553613,-19.7994443692906,-8.77129606176486,1913.0833
"159",52.1703680226619,-12.1336664852354,-5.73674457665214,1913.1667
"160",52.1702026893884,-1.4727297981467,3.00248416844831,1913.25
"161",52.1702003938572,7.80180824296988,-0.0720516087733003,1913.3333
"162",52.1703606161304,16.5053287998277,0.82426774009933,1913.4167
"163",52.1706821271428,26.0263872944837,-5.59711236198677,1913.5
"164",52.1711641491765,25.0100525551016,1.81874013044201,1913.5833
"165",52.1718066529215,14.4175524368793,1.01059825846976,1913.6667
"166",52.1726071848598,2.28872571191695,-6.961375837123,1913.75
"167",52.1735654967619,-13.0172078290495,5.64359897701792,1913.8333
"168",52.1746820922497,-22.4495941394043,0.974869584415138,1913.9167
"169",52.175953362414,-22.4495941394043,7.77359783670927,1914
"170",52.1773796247811,-19.7994443692906,-0.377978797411011,1914.0833
"171",52.1789619480097,-12.1336664852354,4.65466226012059,1914.1667
"172",52.1806956256837,-1.4727297981467,-0.108008767803014,1914.25
"173",52.1825815640948,7.80180824296988,4.01556646762107,1914.3333
"174",52.1846214151043,16.5053287998277,-1.38999230971785,1914.4167
"175",52.1868094170141,26.0263872944837,1.88676034820963,1914.5
"176",52.1891470719049,25.0100525551016,0.300756467402877,1914.5833
"177",52.1916366166469,14.4175524368793,0.290769030891781,1914.6667
"178",52.1942712582802,2.28872571191695,-0.283039910517303,1914.75
"179",52.1970530844979,-13.0172078290495,11.1201106617068,1914.8333
"180",52.1999849017866,-22.4495941394043,-3.65043250171225,1914.9167
"181",52.2030588913557,-22.4495941394043,1.34649230771839,1915
"182",52.2062776995952,-19.7994443692906,5.69312241243787,1915.0833
"183",52.2096446708088,-12.1336664852354,2.6239802485548,1915.1667
"184",52.2131509490812,-1.4727297981467,9.05953590872654,1915.25
"185",52.2167996978969,7.80180824296988,-3.61865236968988,1915.3333
"186",52.2205947536001,16.5053287998277,-5.92596494868732,1915.4167
"187",52.2245261990085,26.0263872944837,-8.55095643381735,1915.5
"188",52.2285976619367,25.0100525551016,1.96130518548617,1915.5833
"189",52.2328134148078,14.4175524368793,-7.35040707929898,1915.6667
"190",52.2371624477605,2.28872571191695,5.47406890001209,1915.75
"191",52.2416487936527,-13.0172078290495,0.475514272474015,1915.8333
"192",52.2462770996965,-22.4495941394043,1.80327597639378,1915.9167
"193",52.2510352313812,-22.4495941394043,-17.9014840322986,1916
"194",52.2559275661534,-19.7994443692906,1.34347187836956,1916.0833
"195",52.260959064855,-12.1336664852354,6.17266651753082,1916.1667
"196",52.2661164430129,-1.4727297981467,-0.093429585184289,1916.25
"197",52.2714043665959,7.80180824296988,-6.47325769184184,1916.3333
"198",52.2768280546275,16.5053287998277,-2.88219760135065,1916.4167
"199",52.282373060995,26.0263872944837,1.49119670420119,1916.5
"200",52.288044293779,25.0100525551016,-0.698142083687046,1916.5833
"201",52.2938471856029,14.4175524368793,0.588559781190739,1916.6667
"202",52.2997661367368,2.28872571191695,-5.28853478901541,1916.75
"203",52.3058062650722,-13.0172078290495,-3.28864381739777,1916.8333
"204",52.3119731873705,-22.4495941394043,-4.06241949984238,1916.9167
"205",52.3182501825115,-22.4495941394043,-3.56869898341011,1917
"206",52.324642563218,-19.7994443692906,-3.82524371498669,1917.0833
"207",52.3311561189809,-12.1336664852354,-8.1975299482832,1917.1667
"208",52.3377730661518,-1.4727297981467,-6.76508620826986,1917.25
"209",52.3444989162753,7.80180824296988,-2.44635281242027,1917.3333
"210",52.3513396395193,16.5053287998277,-0.356708624487453,1917.4167
"211",52.3582764752475,26.0263872944837,6.51529329001193,1917.5
"212",52.3653151566724,25.0100525551016,1.42458651131868,1917.5833
"213",52.3724618614517,14.4175524368793,3.80994563738642,1917.6667
"214",52.3796969617236,2.28872571191695,0.631534386106992,1917.75
"215",52.3870264521481,-13.0172078290495,11.2301354850854,1917.8333
"216",52.3944567612769,-22.4495941394043,8.85509742560771,1917.9167
"217",52.4019675231492,-22.4495941394043,-2.0524163241001,1918
"218",52.4095650470145,-19.7994443692906,-2.51016667537874,1918.0833
"219",52.4172560683947,-12.1336664852354,5.41637056689436,1918.1667
"220",52.4250196248252,-1.4727297981467,-4.5523327671201,1918.25
"221",52.4328624016797,7.80180824296988,-0.434716739010341,1918.3333
"222",52.4407915049742,16.5053287998277,8.35383993887882,1918.4167
"223",52.448785521393,26.0263872944837,-2.6752157563505,1918.5
"224",52.456851576434,25.0100525551016,-2.96695031382615,1918.5833
"225",52.4649972114765,14.4175524368793,-1.38258931947219,1918.6667
"226",52.473200702843,2.28872571191695,3.8380306448209,1918.75
"227",52.4814696762459,-13.0172078290495,-1.46430810932029,1918.8333
"228",52.4898121682047,-22.4495941394043,5.35974237763527,1918.9167
"229",52.4982062707594,-22.4495941394043,8.75134492834053,1919
"230",52.5066601597736,-19.7994443692906,-3.70726212540559,1919.0833
"231",52.5151824154031,-12.1336664852354,1.11844454719463,1919.1667
"232",52.5237510486282,-1.4727297981467,5.4489358092909,1919.25
"233",52.532374819711,7.80180824296988,5.0657705353559,1919.3333
"234",52.5410628842866,16.5053287998277,11.2535688587562,1919.4167
"235",52.5497932457713,26.0263872944837,8.6237765195328,1919.5
"236",52.5585752630855,25.0100525551016,4.13132571717868,1919.5833
"237",52.5674186785088,14.4175524368793,0.114989488999129,1919.6667
"238",52.5763015270212,2.28872571191695,-12.2650701791545,1919.75
"239",52.5852337578514,-13.0172078290495,-5.56807245315593,1919.8333
"240",52.5942256881283,-22.4495941394043,-5.94467088532463,1919.9167
"241",52.6032553872291,-22.4495941394043,4.24629581194153,1920
"242",52.6123333630688,-19.7994443692906,-0.112935576342402,1920.0833
"243",52.6214704726152,-12.1336664852354,-5.48784326609777,1920.1667
"244",52.6306447871953,-1.4727297981467,-8.95795792936295,1920.25
"245",52.6398673199561,7.80180824296988,-2.24172220339727,1920.3333
"246",52.6491494113071,16.5053287998277,-0.154517431866978,1920.4167
"247",52.6584690707698,26.0263872944837,0.915100694449322,1920.5
"248",52.6678377448787,25.0100525551016,0.522063000872819,1920.5833
"249",52.6772671835428,14.4175524368793,1.70514121798048,1920.6667
"250",52.6867352460273,2.28872571191695,-3.77550389828253,1920.75
"251",52.696253727252,-13.0172078290495,-3.27909265764826,1920.8333
"252",52.7058347006609,-22.4495941394043,4.14372033797659,1920.9167
"253",52.715455770878,-22.4495941394043,5.0340954281167,1921
"254",52.7251289896004,-19.7994443692906,6.37426855793725,1921.0833
"255",52.7348666626073,-12.1336664852354,3.89876078481343,1921.1667
"256",52.7446460297004,-1.4727297981467,-1.77195917195413,1921.25
"257",52.7544793084824,7.80180824296988,-2.35633443762023,1921.3333
"258",52.764378948063,16.5053287998277,4.83025327938016,1921.4167
"259",52.774321718096,26.0263872944837,1.8992480470373,1921.5
"260",52.7843199194172,25.0100525551016,1.60558057305634,1921.5833
"261",52.7943860650815,14.4175524368793,-7.11197740785453,1921.6667
"262",52.8044963643215,2.28872571191695,6.40673498340531,1921.75
"263",52.8146631336416,-13.0172078290495,1.40249767539044,1921.8333
"264",52.8248988870028,-22.4495941394043,-1.97534358552418,1921.9167
"265",52.835179206804,-22.4495941394043,-7.0856280076963,1922
"266",52.8455163784516,-19.7994443692906,-11.346119097357,1922.0833
"267",52.8559228755085,-12.1336664852354,-2.52229515992932,1922.1667
"268",52.866373617582,-1.4727297981467,-3.7936867597119,1922.25
"269",52.8768808369302,7.80180824296988,-1.1787362360386,1922.3333
"270",52.8874569506646,16.5053287998277,5.60717554746869,1922.4167
"271",52.8980762138045,26.0263872944837,-2.12450644861822,1922.5
"272",52.9087508098706,25.0100525551016,3.68114941214738,1922.5833
"273",52.9194931099758,14.4175524368793,6.56291581716981,1922.6667
"274",52.9302767373777,2.28872571191695,5.58095461034678,1922.75
"275",52.9411138570533,-13.0172078290495,-4.12395331553867,1922.8333
"276",52.9520168299194,-22.4495941394043,-2.40246126270288,1922.9167
"277",52.9629587119848,-22.4495941394043,4.18659248709911,1923
"278",52.973951702606,-19.7994443692906,-4.37455468270756,1923.0833
"279",52.9850082100903,-12.1336664852354,-0.0513802361417532,1923.1667
"280",52.9961008133327,-1.4727297981467,3.97658604451893,1923.25
"281",53.0072418164621,7.80180824296988,1.39090253256997,1923.3333
"282",53.0184437488917,16.5053287998277,-1.12381100239797,1923.4167
"283",53.0296788194346,26.0263872944837,3.64389094587499,1923.5
"284",53.0409595178665,25.0100525551016,0.648940463727371,1923.5833
"285",53.0522985772442,14.4175524368793,2.13011058650144,1923.6667
"286",53.0636679496451,2.28872571191695,-6.35243660179766,1923.75
"287",53.0750803937232,-13.0172078290495,6.94207991975586,1923.8333
"288",53.0865489292409,-22.4495941394043,0.763006862034789,1923.9167
"289",53.0980453597236,-22.4495941394043,-2.74849416058826,1924
"290",53.1095827897636,-19.7994443692906,5.48981401430169,1924.0833
"291",53.1211746008692,-12.1336664852354,-7.4875464148682,1924.1667
"292",53.1327925397502,-1.4727297981467,-4.56010568191831,1924.25
"293",53.14445011968,7.80180824296988,4.15369402420137,1924.3333
"294",53.1561611429383,16.5053287998277,-0.261528194604566,1924.4167
"295",53.1678973646831,26.0263872944837,-1.09432759953945,1924.5
"296",53.1796727483087,25.0100525551016,0.610227036318989,1924.5833
"297",53.1915015531784,14.4175524368793,0.790907805160671,1924.6667
"298",53.2033555739403,2.28872571191695,-0.992124226265659,1924.75
"299",53.2152492390705,-13.0172078290495,-1.29808911778914,1924.8333
"300",53.2271972738773,-22.4495941394043,-8.27764129142181,1924.9167
"301",53.23917150461,-22.4495941394043,3.11037969440116,1925
"302",53.2511868104885,-19.7994443692906,7.9482098020788,1925.0833
"303",53.2632583618432,-12.1336664852354,2.27037001626584,1925.1667
"304",53.2753579685888,-1.4727297981467,2.29732888922238,1925.25
"305",53.2875009168449,7.80180824296988,3.71064303195369,1925.3333
"306",53.2997027716126,16.5053287998277,-0.605069625933083,1925.4167
"307",53.3119352411231,26.0263872944837,2.26163452406115,1925.5
"308",53.3242139475339,25.0100525551016,-0.234314365815109,1925.5833
"309",53.3365547737446,14.4175524368793,-4.95414520896132,1925.6667
"310",53.3489292097834,2.28872571191695,-12.4376978620365,1925.75
"311",53.3613531209194,-13.0172078290495,-2.04419321379837,1925.8333
"312",53.3738426101749,-22.4495941394043,5.47571359100754,1925.9167
"313",53.3863688110034,-22.4495941394043,1.2631823881145,1926
"314",53.398947723773,-19.7994443692906,3.90044866096267,1926.0833
"315",53.4115955601659,-12.1336664852354,0.222033050744898,1926.1667
"316",53.4242829484351,-1.4727297981467,5.64840390939092,1926.25
"317",53.4370259092843,7.80180824296988,0.661117796960944,1926.3333
"318",53.4498406464381,16.5053287998277,1.74479274660129,1926.4167
"319",53.4626971368885,26.0263872944837,1.4108726283313,1926.5
"320",53.475611309075,25.0100525551016,-0.885711983808363,1926.5833
"321",53.4885992459167,14.4175524368793,-10.1061894203476,1926.6667
"322",53.5016301425299,2.28872571191695,2.20960120524055,1926.75
"323",53.5147197332726,-13.0172078290495,1.30243990576956,1926.8333
"324",53.5278838796389,-22.4495941394043,-1.97832740738086,1926.9167
"325",53.5410908914591,-22.4495941394043,-2.49153969239634,1927
"326",53.5543562254634,-19.7994443692906,-0.154960116400481,1927.0833
"327",53.5676954405034,-12.1336664852354,0.36593344730781,1927.1667
"328",53.5810758944594,-1.4727297981467,-3.80838903665862,1927.25
"329",53.5945127067973,7.80180824296988,-8.79636927814602,1927.3333
"330",53.6080210770881,16.5053287998277,-0.513387407315889,1927.4167
"331",53.6215673878158,26.0263872944837,-0.747997622635978,1927.5
"332",53.6351663886811,25.0100525551016,-6.04526733621437,1927.5833
"333",53.6488328906032,14.4175524368793,-3.56642279554256,1927.6667
"334",53.662532323267,2.28872571191695,3.74869902455676,1927.75
"335",53.6762790617493,-13.0172078290495,0.640880316962054,1927.8333
"336",53.6900875261589,-22.4495941394043,-8.34053079928362,1927.9167
"337",53.703922260991,-22.4495941394043,-1.35437106180855,1928
"338",53.717797287242,-19.7994443692906,-2.81840141813964,1928.0833
"339",53.7317266564939,-12.1336664852354,3.10190246295691,1928.1667
"340",53.7456741359656,-1.4727297981467,-0.772987278085395,1928.25
"341",53.759653433774,7.80180824296988,8.03848978304835,1928.3333
"342",53.7736782745263,16.5053287998277,-4.97904440387876,1928.4167
"343",53.7877117885342,26.0263872944837,-0.214142023324015,1928.5
"344",53.8017674261676,25.0100525551016,-0.911868550058131,1928.5833
"345",53.8158586388539,14.4175524368793,2.06655161919184,1928.6667
"346",53.8299480827054,2.28872571191695,-2.21871673494187,1928.75
"347",53.8440490114045,-13.0172078290495,1.57311023283663,1928.8333
"348",53.8581746611338,-22.4495941394043,-0.108617815303695,1928.9167
"349",53.87228738754,-22.4495941394043,-11.1227361885369,1929
"350",53.8864003061976,-19.7994443692906,-8.78700452425397,1929.0833
"351",53.9005264918031,-12.1336664852354,-1.06689730224993,1929.1667
"352",53.9146281729976,-1.4727297981467,-3.34194131523839,1929.25
"353",53.9287183754363,7.80180824296988,-0.530575194283784,1929.3333
"354",53.9428100543012,16.5053287998277,0.251823834049759,1929.4167
"355",53.956865474307,26.0263872944837,2.61670429085751,1929.5
"356",53.970897602447,25.0100525551016,5.71900129217038,1929.5833
"357",53.9849192984932,14.4175524368793,-5.60250907752147,1929.6667
"358",53.9988930080828,2.28872571191695,1.51233833963678,1929.75
"359",54.0128316494079,-13.0172078290495,-2.29567233085531,1929.8333
"360",54.0267479892223,-22.4495941394043,6.82280876360077,1929.9167
"361",54.0406047758853,-22.4495941394043,-20.491053576804,1930
"362",54.0544148653924,-19.7994443692906,6.64498104717988,1930.0833
"363",54.0681909109694,-12.1336664852354,-3.13456187066325,1930.1667
"364",54.0818960611417,-1.4727297981467,9.79079079666834,1930.25
"365",54.0955430740093,7.80180824296988,5.30260029384422,1930.3333
"366",54.1091444475112,16.5053287998277,3.98548923562738,1930.4167
"367",54.1226638056678,26.0263872944837,1.25090595951568,1930.5
"368",54.1361137543863,25.0100525551016,0.0537853824494761,1930.5833
"369",54.1495065776413,14.4175524368793,1.53290338286732,1930.6667
"370",54.1628064336209,2.28872571191695,-7.65157508583624,1930.75
"371",54.1760257092112,-13.0172078290495,1.7411339063507,1930.8333
"372",54.1891764053966,-22.4495941394043,-0.539619967555325,1930.9167
"373",54.2022232644938,-22.4495941394043,3.04732793467615,1931
"374",54.2151783827911,-19.7994443692906,1.28421788100846,1931.0833
"375",54.2280534070139,-12.1336664852354,-1.29442473572335,1931.1667
"376",54.2408137142663,-1.4727297981467,2.33187314363914,1931.25
"377",54.2534710425639,7.80180824296988,6.74467273036553,1931.3333
"378",54.2660366196046,16.5053287998277,4.62859664062334,1931.4167
"379",54.2784765182957,26.0263872944837,3.09509324693555,1931.5
"380",54.2908020631453,25.0100525551016,3.19909753268574,1931.5833
"381",54.3030240129668,14.4175524368793,2.07938547057908,1931.6667
"382",54.3151092164644,2.28872571191695,1.59612213134317,1931.75
"383",54.327068549298,-13.0172078290495,-4.50990842046856,1931.8333
"384",54.3389122735414,-22.4495941394043,-0.0893563672517459,1931.9167
"385",54.3506081190525,-22.4495941394043,-6.30105691998177,1932
"386",54.3621665026748,-19.7994443692906,-0.562769670922705,1932.0833
"387",54.373597188807,-12.1336664852354,-9.63996910411122,1932.1667
"388",54.3848689223428,-1.4727297981467,1.1878179354533,1932.25
"389",54.3959916795106,7.80180824296988,2.90215271662291,1932.3333
"390",54.406974755121,16.5053287998277,0.487657863346868,1932.4167
"391",54.4177880707888,26.0263872944837,0.955781694366493,1932.5
"392",54.4284412081952,25.0100525551016,0.161459065909497,1932.5833
"393",54.4389430485964,14.4175524368793,2.54346573821422,1932.6667
"394",54.4492648749685,2.28872571191695,-4.43803352731221,1932.75
"395",54.4594159448748,-13.0172078290495,6.4577449163104,1932.8333
"396",54.4694048057184,-22.4495941394043,-7.71984964967889,1932.9167
"397",54.4792043006727,-22.4495941394043,0.570346898329355,1933
"398",54.4888234515023,-19.7994443692906,-8.88942583530246,1933.0833
"399",54.4982705679753,-12.1336664852354,1.83535671564287,1933.1667
"400",54.5075202544729,-1.4727297981467,-2.53483339668316,1933.25
"401",54.5165813943205,7.80180824296988,-2.91843616550399,1933.3333
"402",54.5254621629836,16.5053287998277,6.96916960777669,1933.4167
"403",54.5341391150254,26.0263872944837,5.33943065014918,1933.5
"404",54.5426210913295,25.0100525551016,-3.05271994163289,1933.5833
"405",54.5509162327841,14.4175524368793,0.0314916658771267,1933.6667
"406",54.5590032059919,2.28872571191695,5.15222814184031,1933.75
"407",54.5668908931411,-13.0172078290495,5.45027087935583,1933.8333
"408",54.5745874856701,-22.4495941394043,10.67496674949,1933.9167
"409",54.5820738825402,-22.4495941394043,9.76747731663106,1934
"410",54.5893590684765,-19.7994443692906,6.2100394856265,1934.0833
"411",54.5964513458931,-12.1336664852354,8.13717499344479,1934.1667
"412",54.6033339126326,-1.4727297981467,9.86935294528311,1934.25
"413",54.6100158861459,7.80180824296988,11.1881302968536,1934.3333
"414",54.6165057074105,16.5053287998277,0.378125106526554,1934.4167
"415",54.6227888771422,26.0263872944837,3.85078088816724,1934.5
"416",54.6288746388285,25.0100525551016,3.96102746988319,1934.5833
"417",54.6347715615066,14.4175524368793,-2.95236462070264,1934.6667
"418",54.6404673860855,2.28872571191695,3.97076396172,1934.75
"419",54.6459714360844,-13.0172078290495,6.67119128822172,1934.8333
"420",54.6512923582881,-22.4495941394043,2.09826092985821,1934.9167
"421",54.656420005537,-22.4495941394043,-0.00686880650965804,1935
"422",54.6613636974121,-19.7994443692906,3.33803578963288,1935.0833
"423",54.6661320704416,-12.1336664852354,-4.43250665559373,1935.1667
"424",54.6707169020355,-1.4727297981467,-4.79803004431287,1935.25
"425",54.675127391037,7.80180824296988,-4.57698030488473,1935.3333
"426",54.6793720439032,16.5053287998277,-0.584742121343211,1935.4167
"427",54.6834443276434,26.0263872944837,1.99012543749261,1935.5
"428",54.6873531792843,25.0100525551016,1.60254979327607,1935.5833
"429",54.6911068327759,14.4175524368793,4.49129925879707,1935.6667
"430",54.6947001777715,2.28872571191695,1.91653116990661,1935.75
"431",54.6981417353585,-13.0172078290495,-8.28097819402013,1935.8333
"432",54.70143931362,-22.4495941394043,0.548113174283472,1935.9167
"433",54.7045889443753,-22.4495941394043,-2.45503774537761,1936
"434",54.707598578511,-19.7994443692906,-19.7081983264339,1936.0833
"435",54.7104754471003,-12.1336664852354,-0.576850779147364,1936.1667
"436",54.7132164498173,-1.4727297981467,1.25947040797811,1936.25
"437",54.7158288263258,7.80180824296988,8.9823189702706,1936.3333
"438",54.7183190951225,16.5053287998277,2.97631013549143,1936.4167
"439",54.7206847747591,26.0263872944837,6.15288499046497,1936.5
"440",54.7229322784771,25.0100525551016,1.56697134999419,1936.5833
"441",54.725067304512,14.4175524368793,1.75733814904328,1936.6667
"442",54.7270877835648,2.28872571191695,1.78414356422925,1936.75
"443",54.7289992236551,-13.0172078290495,-6.61183507830437,1936.8333
"444",54.7308064330348,-22.4495941394043,3.81874546745527,1936.9167
"445",54.7325076031851,-22.4495941394043,-21.9829564040194,1937
"446",54.7341073020594,-19.7994443692906,-3.53470649312902,1937.0833
"447",54.7356094230314,-12.1336664852354,-7.70198529726899,1937.1667
"448",54.7370123304809,-1.4727297981467,-4.06432547257004,1937.25
"449",54.7383196651858,7.80180824296988,4.05982864736355,1937.3333
"450",54.7395344285667,16.5053287998277,-1.74490570177598,1937.4167
"451",54.7406551359071,26.0263872944837,0.432914629338825,1937.5
"452",54.7416845610719,25.0100525551016,1.74821954972222,1937.5833
"453",54.7426248830889,14.4175524368793,2.43978009765419,1937.6667
"454",54.7434748085212,2.28872571191695,4.56775653928501,1937.75
"455",54.7442363474647,-13.0172078290495,1.27292825417541,1937.8333
"456",54.7449109674937,-22.4495941394043,2.30464048381274,1937.9167
"457",54.7454976601317,-22.4495941394043,1.40405353901031,1938
"458",54.7459978095327,-19.7994443692906,0.753403436620857,1938.0833
"459",54.7464123153088,-12.1336664852354,-1.21278862185368,1938.1667
"460",54.7467405871941,-1.4727297981467,-1.374053729346,1938.25
"461",54.7469835447865,7.80180824296988,-4.24883480825626,1938.3333
"462",54.7471416842204,16.5053287998277,0.547486621844314,1938.4167
"463",54.7472149891734,26.0263872944837,-3.27364522400738,1938.5
"464",54.7472040866284,25.0100525551016,-0.657299560956901,1938.5833
"465",54.7471092415263,14.4175524368793,8.7352953265742,1938.6667
"466",54.7469311708866,2.28872571191695,-1.93569982321569,1938.75
"467",54.7466703779205,-13.0172078290495,-6.72950536849665,1938.8333
"468",54.7463270628721,-22.4495941394043,4.50322398250725,1938.9167
"469",54.7459028203739,-22.4495941394043,3.90364837853943,1939
"470",54.7453981825735,-19.7994443692906,-7.94599653588871,1939.0833
"471",54.7448134330175,-12.1336664852354,0.788809862283799,1939.1667
"472",54.7441511560487,-1.4727297981467,5.82853570163131,1939.25
"473",54.7434120381048,7.80180824296988,5.15473708944551,1939.3333
"474",54.7425965648439,16.5053287998277,-5.44796864588525,1939.4167
"475",54.741708376479,26.0263872944837,0.231861388634883,1939.5
"476",54.7407484033175,25.0100525551016,0.849156499451027,1939.5833
"477",54.7397174150272,14.4175524368793,1.44268678200687,1939.6667
"478",54.7386201185967,2.28872571191695,0.372611229179682,1939.75
"479",54.7374577371,-13.0172078290495,10.7797076295056,1939.8333
"480",54.7362313650674,-22.4495941394043,8.31331933181402,1939.9167
"481",54.7349467277811,-22.4495941394043,-8.4853955285936,1940
"482",54.7336053482327,-19.7994443692906,-1.23420337142633,1940.0833
"483",54.7322086453429,-12.1336664852354,2.60141433116341,1940.1667
"484",54.7307632560685,-1.4727297981467,-1.35807639810871,1940.25
"485",54.7292709714729,7.80180824296988,5.76887845143548,1940.3333
"486",54.7277334965179,16.5053287998277,3.26689414079631,1940.4167
"487",54.7261582214119,26.0263872944837,1.54741154391253,1940.5
"488",54.7245471405859,25.0100525551016,2.66535801542813,1940.5833
"489",54.7229021755099,14.4175524368793,0.959501784063846,1940.6667
"490",54.7212312700454,2.28872571191695,3.49000007779433,1940.75
"491",54.7195365332261,-13.0172078290495,-6.70237096203266,1940.8333
"492",54.7178200114717,-22.4495941394043,5.13173049823768,1940.9167
"493",54.7160899752721,-22.4495941394043,1.63346122391224,1941
"494",54.7143485459393,-19.7994443692906,1.88505358168111,1941.0833
"495",54.7125977918664,-12.1336664852354,4.02102505245175,1941.1667
"496",54.7108460711962,-1.4727297981467,-0.238159213368895,1941.25
"497",54.7090954127215,7.80180824296988,3.48905410372532,1941.3333
"498",54.7073478033929,16.5053287998277,-1.3127202405248,1941.4167
"499",54.705611453744,26.0263872944837,-1.13204168861685,1941.5
"500",54.7038882033654,25.0100525551016,-2.41398301240736,1941.5833
"501",54.7021798641496,14.4175524368793,-8.21977592027745,1941.6667
"502",54.7004942818891,2.28872571191695,-2.18926293414147,1941.75
"503",54.6988330274719,-13.0172078290495,3.61833252065973,1941.8333
"504",54.6971976624739,-22.4495941394043,-0.0476471110160688,1941.9167
"505",54.6955954808576,-22.4495941394043,-7.04604428181588,1942
"506",54.6940277292456,-19.7994443692906,-9.49462568028876,1942.0833
"507",54.6924956681248,-12.1336664852354,-5.05887272771893,1942.1667
"508",54.6910058910642,-1.4727297981467,1.18168096669702,1942.25
"509",54.6895592927248,7.80180824296988,-4.89140990619877,1942.3333
"510",54.6881568094751,16.5053287998277,-5.39352910073721,1942.4167
"511",54.6868042289869,26.0263872944837,-0.61323446385299,1942.5
"512",54.6855020950299,25.0100525551016,-0.495597079866826,1942.5833
"513",54.6842510248352,14.4175524368793,-0.101846891402033,1942.6667
"514",54.683055938233,2.28872571191695,1.42817540938331,1942.75
"515",54.6819170559515,-13.0172078290495,-1.3647517230926,1942.8333
"516",54.6808347065606,-22.4495941394043,3.7687160716023,1942.9167
"517",54.6798129204648,-22.4495941394043,-4.73026172144355,1943
"518",54.6788516455427,-19.7994443692906,1.92055015579206,1943.0833
"519",54.6779509728646,-12.1336664852354,-7.44432777544795,1943.1667
"520",54.6771140559944,-1.4727297981467,5.49557280183002,1943.25
"521",54.6763406362772,7.80180824296988,-5.37819152288726,1943.3333
"522",54.675630632748,16.5053287998277,-5.08100264371008,1943.4167
"523",54.6749863606495,26.0263872944837,-1.40141659542321,1943.5
"524",54.6744074300722,25.0100525551016,-0.384502706896896,1943.5833
"525",54.6738936606607,14.4175524368793,3.00851077009011,1943.6667
"526",54.6734465846272,2.28872571191695,2.73778476325703,1943.75
"527",54.6730657578141,-13.0172078290495,3.04409927016681,1943.8333
"528",54.6727509733118,-22.4495941394043,1.27680011341972,1943.9167
"529",54.6725030433709,-22.4495941394043,-0.22295184413899,1944
"530",54.6723215418442,-19.7994443692906,-1.57292005340616,1944.0833
"531",54.672206302232,-12.1336664852354,-5.4385827899978,1944.1667
"532",54.6721574798391,-1.4727297981467,1.7005293780805,1944.25
"533",54.6721747290018,7.80180824296988,3.5259740676724,1944.3333
"534",54.6722579802169,16.5053287998277,-5.47762967387413,1944.4167
"535",54.6724067888872,26.0263872944837,-4.29883702365032,1944.5
"536",54.6726209393886,25.0100525551016,-2.38271653353395,1944.5833
"537",54.6729005028714,14.4175524368793,0.609504244642153,1944.6667
"538",54.6732444823542,2.28872571191695,6.93798686536865,1944.75
"539",54.6736528278628,-13.0172078290495,-0.156488115418497,1944.8333
"540",54.6741257814657,-22.4495941394043,-0.224574380643695,1944.9167
"541",54.6746618306982,-22.4495941394043,3.07488936832603,1945
"542",54.6752611138999,-19.7994443692906,1.82414006260253,1945.0833
"543",54.6759240624117,-12.1336664852354,1.5576997599232,1945.1667
"544",54.6766486757131,-1.4727297981467,-7.8039618179407,1945.25
"545",54.6774352928674,7.80180824296988,-2.57928680332152,1945.3333
"546",54.6782845439685,16.5053287998277,-7.48365593241579,1945.4167
"547",54.6791939612458,26.0263872944837,-0.00562419603845399,1945.5
"548",54.6801640904928,25.0100525551016,0.709740013817367,1945.5833
"549",54.6811957651821,14.4175524368793,-3.59879071800046,1945.6667
"550",54.6822860683035,2.28872571191695,5.62894527947387,1945.75
"551",54.6834357563213,-13.0172078290495,-2.46627133945712,1945.8333
"552",54.6846458701742,-22.4495941394043,-3.03509417566169,1945.9167
"553",54.6859130627965,-22.4495941394043,-0.136361863686652,1946
"554",54.6872383073148,-19.7994443692906,1.41216257981012,1946.0833
"555",54.6886228595916,-12.1336664852354,3.74500125019029,1946.1667
"556",54.6900629661533,-1.4727297981467,8.68262389164612,1946.25
"557",54.6915598280725,7.80180824296988,-4.19341162169228,1946.3333
"558",54.6931149298351,16.5053287998277,0.301513962739349,1946.4167
"559",54.6947241415935,26.0263872944837,2.77884562356195,1946.5
"560",54.6963889107784,25.0100525551016,0.293514916507959,1946.5833
"561",54.6981109718052,14.4175524368793,-0.11570564978129,1946.6667
"562",54.6998858549522,2.28872571191695,-7.38865450727348,1946.75
"563",54.7017152796704,-13.0172078290495,-1.08455113398936,1946.8333
"564",54.7036012588135,-22.4495941394043,7.14595070476395,1946.9167
"565",54.705539023806,-22.4495941394043,0.0440121751377234,1947
"566",54.7075305973636,-19.7994443692906,3.19187002378256,1947.0833
"567",54.7095783043095,-12.1336664852354,1.52404606964258,1947.1667
"568",54.7116771189183,-1.4727297981467,1.76100973879761,1947.25
"569",54.7138294007213,7.80180824296988,5.38431854396715,1947.3333
"570",54.716037821353,16.5053287998277,-4.72140866816973,1947.4167
"571",54.7182971350319,26.0263872944837,4.65527263016227,1947.5
"572",54.7206100694909,25.0100525551016,2.36929349883674,1947.5833
"573",54.7229796745639,14.4175524368793,-0.5405740938197,1947.6667
"574",54.725400510823,2.28872571191695,4.28583083702025,1947.75
"575",54.7278756983645,-13.0172078290495,-5.91071181093706,1947.8333
"576",54.7304086879637,-22.4495941394043,3.01914353461766,1947.9167
"577",54.7329938562773,-22.4495941394043,1.51655734292871,1948
"578",54.7356347277597,-19.7994443692906,-3.33623436664897,1948.0833
"579",54.7383351633378,-12.1336664852354,-5.50471052759599,1948.1667
"580",54.741089343794,-1.4727297981467,1.33159751418825,1948.25
"581",54.7439011936711,7.80180824296988,1.65424648636534,1948.3333
"582",54.7467749758742,16.5053287998277,-0.352145555473513,1948.4167
"583",54.7497046384845,26.0263872944837,0,1948.5
"584",54.752694475251,25.0100525551016,0.837208820860653,1948.5833
"585",54.7557490843941,14.4175524368793,0,1948.6667
"586",54.7588620669621,2.28872571191695,4.45236928086624,1948.75
"587",54.7620379848784,-13.0172078290495,-2.84487437967568,1948.8333
"588",54.7652817217704,-22.4495941394043,-4.51572921327564,1948.9167
"589",54.7685864716444,-22.4495941394043,-14.7190352725172,1949
"590",54.7719570641822,-19.7994443692906,-2.87255699727799,1949.0833
"591",54.7753986426576,-12.1336664852354,-2.54177370867605,1949.1667
"592",54.7789039181348,-1.4727297981467,8.69378293969488,1949.25
"593",54.7824779166479,7.80180824296988,3.71566945600032,1949.3333
"594",54.7861259597402,16.5053287998277,-2.09149622782357,1949.4167
"595",54.7898401594815,26.0263872944837,1.28372960566045,1949.5
"596",54.7936256504704,25.0100525551016,4.49627732485068,1949.5833
"597",54.7974878410798,14.4175524368793,0.984918339777153,1949.6667
"598",54.8014181241836,2.28872571191695,-6.69018677653737,1949.75
"599",54.8054216503099,-13.0172078290495,12.5117416215322,1949.8333
"600",54.8095038195233,-22.4495941394043,3.14004902578995,1949.9167
"601",54.8136551911246,-22.4495941394043,-6.66410399215974,1950
"602",54.8178808409926,-19.7994443692906,5.78151888203795,1950.0833
"603",54.8221860690748,-12.1336664852354,-3.08856078867543,1950.1667
"604",54.8265605027935,-1.4727297981467,-0.953873645072122,1950.25
"605",54.831009061727,7.80180824296988,0,1950.3333
"606",54.8355368913741,16.5053287998277,0,1950.4167
"607",54.8401327793549,26.0263872944837,0,1950.5
"608",54.844801756575,25.0100525551016,0,1950.5833
"609",54.8495492050143,14.4175524368793,0,1950.6667
"610",54.854363385629,2.28872571191695,0,1950.75
"611",54.8592495932942,-13.0172078290495,0,1950.8333
"612",54.8642134688573,-22.4495941394043,0,1950.9167
"613",54.8692427542644,-22.4495941394043,-7.6196915552137,1951
"614",54.8743429743695,-19.7994443692906,-1.37494360046143,1951.0833
"615",54.8795198440939,-12.1336664852354,-7.14589421608817,1951.1667
"616",54.8847602361524,-1.4727297981467,0.687926621683907,1951.25
"617",54.8900694304453,7.80180824296988,1.50807724812355,1951.3333
"618",54.8954528695169,16.5053287998277,-5.20082244456812,1951.4167
"619",54.9008964292163,26.0263872944837,1.27267333602342,1951.5
"620",54.9064051590168,25.0100525551016,-3.61650287160515,1951.5833
"621",54.9119842786721,14.4175524368793,-3.52957741343393,1951.6667
"622",54.9176187682905,2.28872571191695,-5.50638742049021,1951.75
"623",54.9233135207206,-13.0172078290495,-2.20615092257577,1951.8333
"624",54.9290736111552,-22.4495941394043,-3.07952009838024,1951.9167
"625",54.9348832657143,-22.4495941394043,-2.38533206654793,1952
"626",54.9407473190515,-19.7994443692906,-0.941348247156661,1952.0833
"627",54.9466708037038,-12.1336664852354,-6.61304488102051,1952.1667
"628",54.9526373644927,-1.4727297981467,6.02004949339175,1952.25
"629",54.9586518934942,7.80180824296988,-0.260505492849099,1952.3333
"630",54.9647194980398,16.5053287998277,1.72991119576935,1952.4167
"631",54.9708234319879,26.0263872944837,-1.19725366683251,1952.5
"632",54.9769687677414,25.0100525551016,1.01293326968003,1952.5833
"633",54.983160810065,14.4175524368793,5.09924629512766,1952.6667
"634",54.9893826143054,2.28872571191695,6.42184873345798,1952.75
"635",54.9956395521339,-13.0172078290495,-3.5784771739443,1952.8333
"636",55.0019372421383,-22.4495941394043,2.54761648040513,1952.9167
"637",55.0082587195527,-22.4495941394043,9.94129247954109,1953
"638",55.0146097589348,-19.7994443692906,1.28478912289871,1953.0833
"639",55.0209963915598,-12.1336664852354,3.81262971133742,1953.1667
"640",55.0274017817671,-1.4727297981467,-5.5547149239298,1953.25
"641",55.0338321850527,7.80180824296988,-5.33568594632796,1953.3333
"642",55.0402941168331,16.5053287998277,-1.14566326962078,1953.4167
"643",55.0467709780584,26.0263872944837,2.92679878720313,1953.5
"644",55.0532695496479,25.0100525551016,2.93663235028424,1953.5833
"645",55.0597968677652,14.4175524368793,5.72261036801014,1953.6667
"646",55.0663366271433,2.28872571191695,5.34489472062064,1953.75
"647",55.0728961401412,-13.0172078290495,6.34426611982642,1953.8333
"648",55.0794829612481,-22.4495941394043,4.57007087428484,1953.9167
"649",55.0860810820024,-22.4495941394043,-1.63652988296464,1954
"650",55.0926983124919,-19.7994443692906,8.70670046467838,1954.0833
"651",55.0993426836098,-12.1336664852354,-6.76571647923579,1954.1667
"652",55.1059984339642,-1.4727297981467,2.56668842385317,1954.25
"653",55.1126738004606,7.80180824296988,1.18547234104212,1954.3333
"654",55.1193772122695,16.5053287998277,-4.52474626917554,1954.4167
"655",55.1260930590368,26.0263872944837,3.34747670610557,1954.5
"656",55.1328299024359,25.0100525551016,-1.64292809804301,1954.5833
"657",55.1395964623019,14.4175524368793,0.842810869272697,1954.6667
"658",55.1463771478697,2.28872571191695,-0.535145800204383,1954.75
"659",55.1531807213593,-13.0172078290495,9.46398144009823,1954.8333
"660",55.1600160656205,-22.4495941394043,2.78953787013317,1954.9167
"661",55.1668674567981,-22.4495941394043,-4.81731625778707,1955
"662",55.1737437222123,-19.7994443692906,-5.7743450499917,1955.0833
"663",55.1806537712388,-12.1336664852354,-9.24702745941168,1955.1667
"664",55.1875815890872,-1.4727297981467,-6.3148947313282,1955.25
"665",55.1945359333099,7.80180824296988,-0.496389904856464,1955.3333
"666",55.2015256062767,16.5053287998277,-3.60689454737913,1955.4167
"667",55.2085341555874,26.0263872944837,-3.03496439037541,1955.5
"668",55.2155701461947,25.0100525551016,4.17433153739675,1955.5833
"669",55.222642154088,14.4175524368793,-1.44023469919165,1955.6667
"670",55.2297331687551,2.28872571191695,2.981498179087,1955.75
"671",55.2368514617228,-13.0172078290495,-9.51968942679217,1955.8333
"672",55.2440052868714,-22.4495941394043,-0.894451223106458,1955.9167
"673",55.2511769934789,-22.4495941394043,-1.40162579428669,1956
"674",55.2583744883375,-19.7994443692906,-4.95897594446583,1956.0833
"675",55.2656056380032,-12.1336664852354,-1.93197919796008,1956.1667
"676",55.2728521161911,-1.4727297981467,-2.3001652582826,1956.25
"677",55.2801214275339,7.80180824296988,-0.681975524051609,1956.3333
"678",55.287421020195,16.5053287998277,4.5072101613424,1956.4167
"679",55.2947319074701,26.0263872944837,-0.42116214223401,1956.5
"680",55.302061189174,25.0100525551016,-4.11215962088866,1956.5833
"681",55.3094158982916,14.4175524368793,4.07299166715116,1956.6667
"682",55.3167764523111,2.28872571191695,1.2944548954864,1956.75
"683",55.324149575765,-13.0172078290495,-0.806987639667355,1956.8333
"684",55.3315419207193,-22.4495941394043,6.51801223473147,1956.9167
"685",55.3389334174169,-22.4495941394043,-12.0893822183006,1957
"686",55.3463304712165,-19.7994443692906,0.653067996999305,1957.0833
"687",55.3537394124293,-12.1336664852354,-0.720112906042871,1957.1667
"688",55.3611398273146,-1.4727297981467,-2.68845296947169,1957.25
"689",55.3685378767765,7.80180824296988,0.629607980374068,1957.3333
"690",55.3759396451661,16.5053287998277,-0.78130842840531,1957.4167
"691",55.3833245408436,26.0263872944837,0.390245224333725,1957.5
"692",55.3906985642283,25.0100525551016,1.19920299207628,1957.5833
"693",55.3980676366913,14.4175524368793,1.28433992818215,1957.6667
"694",55.4054111644429,2.28872571191695,-3.69417981676099,1957.75
"695",55.4127350709253,-13.0172078290495,-3.99557310869744,1957.8333
"696",55.4200451951479,-22.4495941394043,8.42950892065471,1957.9167
"697",55.4273211135474,-22.4495941394043,3.82223008544408,1958
"698",55.4345687466273,-19.7994443692906,4.66482978806577,1958.0833
"699",55.4417939206621,-12.1336664852354,-5.60816749467902,1958.1667
"700",55.4489765397339,-1.4727297981467,-3.47628968200304,1958.25
"701",55.4561225786049,7.80180824296988,10.5420233861462,1958.3333
"702",55.4632379026232,16.5053287998277,-1.26860680718467,1958.4167
"703",55.47030287695,26.0263872944837,-5.1967331118032,1958.5
"704",55.4773235659323,25.0100525551016,2.0125781384034,1958.5833
"705",55.4843059036107,14.4175524368793,0.798101500208261,1958.6667
"706",55.4912308199548,2.28872571191695,4.92000052782639,1958.75
"707",55.4981044800932,-13.0172078290495,1.01905766865987,1958.8333
"708",55.5049328926043,-22.4495941394043,3.74462102474948,1958.9167
"709",55.5116976242453,-22.4495941394043,2.33785357491264,1959
"710",55.5184049285865,-19.7994443692906,-4.1190061718037,1959.0833
"711",55.5250608720446,-12.1336664852354,-0.291434678934678,1959.1667
"712",55.5316476999275,-1.4727297981467,0.641039157946189,1959.25
"713",55.5381717215837,7.80180824296988,-5.74002550267961,1959.3333
"714",55.544639025749,16.5053287998277,2.44999180591007,1959.4167
"715",55.5510325524661,26.0263872944837,0.922537212790161,1959.5
"716",55.5573586191806,25.0100525551016,0.0325433677018907,1959.5833
"717",55.5636232882497,14.4175524368793,-3.58121617553975,1959.6667
"718",55.5698101919759,2.28872571191695,-2.75857884420498,1959.75
"719",55.5759255998564,-13.0172078290495,-2.25876314381176,1959.8333
"720",55.581975492774,-22.4495941394043,5.06757810957128,1959.9167
"721",55.5879441823268,-22.4495941394043,-3.23839298330379,1960
"722",55.5938378327854,-19.7994443692906,-5.39443874710811,1960.0833
"723",55.5996622891108,-12.1336664852354,-0.166036431708235,1960.1667
"724",55.6054025270308,-1.4727297981467,-1.63271566923532,1960.25
"725",55.6110645538124,7.80180824296988,0.387082012975014,1960.3333
"726",55.6166540311312,16.5053287998277,2.07797644675733,1960.4167
"727",55.6221565888182,26.0263872944837,4.85141317640154,1960.5
"728",55.6275780363905,25.0100525551016,-0.537675684876575,1960.5833
"729",55.632923817038,14.4175524368793,3.24948292583424,1960.6667
"730",55.6381802152932,2.28872571191695,2.07305113250531,1960.75
"731",55.6433528169274,-13.0172078290495,0.173810018864387,1960.8333
"732",55.6484468267676,-22.4495941394043,2.40110639129716,1960.9167
"733",55.6534491982863,-22.4495941394043,5.19610200085826,1961
"734",55.6583652838007,-19.7994443692906,9.64103419539393,1961.0833
"735",55.6632000461662,-12.1336664852354,4.87042541363147,1961.1667
"736",55.6679411359435,-1.4727297981467,-2.89525427806816,1961.25
"737",55.6725936778546,7.80180824296988,1.22555329496895,1961.3333
"738",55.6771624041568,16.5053287998277,8.91746766381645,1961.4167
"739",55.6816357021797,26.0263872944837,4.29193406303996,1961.5
"740",55.6860184876928,25.0100525551016,5.40388428126079,1961.5833
"741",55.6903152854754,14.4175524368793,-9.60790896367192,1961.6667
"742",55.6945152662391,2.28872571191695,-2.9832839185222,1961.75
"743",55.6986231638524,-13.0172078290495,-2.38145990051073,1961.8333
"744",55.7026433257939,-22.4495941394043,-1.65309053855257,1961.9167
"745",55.7065657536085,-22.4495941394043,-6.55701455456723,1962
"746",55.7103950293906,-19.7994443692906,-2.11099511410615,1962.0833
"747",55.7141353551007,-12.1336664852354,-3.48051033401696,1962.1667
"748",55.7177776047018,-1.4727297981467,5.55490925307868,1962.25
"749",55.7213262361868,7.80180824296988,-2.12317882080722,1962.3333
"750",55.7247853339218,16.5053287998277,0.769844289679369,1962.4167
"751",55.7281466736571,26.0263872944837,-4.15457690851821,1962.5
"752",55.7314146095271,25.0100525551016,-2.04151139404085,1962.5833
"753",55.7345931276451,14.4175524368793,-1.1521872531512,1962.6667
"754",55.7376749175941,2.28872571191695,2.77355643008636,1962.75
"755",55.7406642387217,-13.0172078290495,3.07649947216511,1962.8333
"756",55.7435649862931,-22.4495941394043,6.70598735375852,1962.9167
"757",55.7463707553053,-22.4495941394043,-10.4968195562485,1963
"758",55.7490857062014,-19.7994443692906,8.15031465443543,1963.0833
"759",55.7517136373349,-12.1336664852354,3.2819109399864,1963.1667
"760",55.754249019505,-1.4727297981467,-1.28156216166089,1963.25
"761",55.756695896926,7.80180824296988,0.641451958252205,1963.3333
"762",55.7590579519952,16.5053287998277,-1.86442876547022,1963.4167
"763",55.7613304823285,26.0263872944837,1.11223928289365,1963.5
"764",55.763517387361,25.0100525551016,2.1263862591654,1963.5833
"765",55.7656222039606,14.4175524368793,5.11678324337078,1963.6667
"766",55.7676409923546,2.28872571191695,7.1435903554825,1963.75
"767",55.7695774711451,-13.0172078290495,3.0475866590799,1963.8333
"768",55.7714349956631,-22.4495941394043,-0.521883070207558,1963.9167
"769",55.7732103152967,-22.4495941394043,0.57634088381392,1964
"770",55.7749069292382,-19.7994443692906,0.924493836398284,1964.0833
"771",55.7765279740429,-12.1336664852354,-6.04290379658378,1964.1667
"772",55.7780708126004,-1.4727297981467,-2.20538395477183,1964.25
"773",55.7795386891767,7.80180824296988,-0.781390445017777,1964.3333
"774",55.7809344887154,16.5053287998277,-3.18630568556576,1964.4167
"775",55.782256116931,26.0263872944837,4.19131364829389,1964.5
"776",55.7835065361619,25.0100525551016,-2.19360251782243,1964.5833
"777",55.7846883566297,14.4175524368793,-1.70228327528285,1964.6667
"778",55.7857999675922,2.28872571191695,5.52543138021882,1964.75
"779",55.786844035576,-13.0172078290495,-0.769679551224144,1964.8333
"780",55.7878228869995,-22.4495941394043,1.86172869020606,1964.9167
"781",55.7887353515635,-22.4495941394043,4.96081584754372,1965
"782",55.7895838023435,-19.7994443692906,2.90981729978984,1965.0833
"783",55.7903702896015,-12.1336664852354,-9.25674644276653,1965.1667
"784",55.7910940590721,-1.4727297981467,-0.0184072012242922,1965.25
"785",55.7917572101959,7.80180824296988,-3.39360864685001,1965.3333
"786",55.7923615421582,16.5053287998277,-1.29773305251081,1965.4167
"787",55.7929067108769,26.0263872944837,-0.819336945693323,1965.5
"788",55.793394578517,25.0100525551016,-4.3034902578666,1965.5833
"789",55.7938267342687,14.4175524368793,-14.811421949877,1965.6667
"790",55.7942032541241,2.28872571191695,7.71702809361603,1965.75
"791",55.7945258129048,-13.0172078290495,4.12263895739371,1965.8333
"792",55.7947958434433,-22.4495941394043,4.9547554531477,1965.9167
"793",55.7950138622425,-22.4495941394043,1.75453733685436,1966
"794",55.7951814155705,-19.7994443692906,-0.395780043729552,1966.0833
"795",55.7952998410177,-12.1336664852354,2.33832374150302,1966.1667
"796",55.7953701196086,-1.4727297981467,-1.72268326184957,1966.25
"797",55.7953937307898,7.80180824296988,6.20275508556254,1966.3333
"798",55.7953719793785,16.5053287998277,-2.50074373718368,1966.4167
"799",55.795306330602,26.0263872944837,2.4782634345364,1966.5
"800",55.7951982553474,25.0100525551016,-0.705293699305699,1966.5833
"801",55.7950490830316,14.4175524368793,4.58735547210064,1966.6667
"802",55.7948607705809,2.28872571191695,0.0163705770869811,1966.75
"803",55.7946348289702,-13.0172078290495,2.12253015738303,1966.8333
"804",55.7943726585056,-22.4495941394043,2.35517842875682,1966.9167
"805",55.7940766963032,-22.4495941394043,4.95547450272368,1967
"806",55.7937485273421,-19.7994443692906,4.10565303911662,1967.0833
"807",55.7933896532289,-12.1336664852354,-3.65976625753102,1967.1667
"808",55.7930029558581,-1.4727297981467,-6.02031609800787,1967.25
"809",55.7925901099483,7.80180824296988,-1.19444112306065,1967.3333
"810",55.7921527299421,16.5053287998277,-4.49752464938359,1967.4167
"811",55.7916940808982,26.0263872944837,0.981875684297691,1967.5
"812",55.7912159234933,25.0100525551016,3.39868877602656,1967.5833
"813",55.7907199768596,14.4175524368793,7.39168444459835,1967.6667
"814",55.7902098020704,2.28872571191695,1.02102154572049,1967.75
"815",55.7896872234437,-13.0172078290495,0.72747787659921,1967.8333
"816",55.7891540384942,-22.4495941394043,-4.63960305411361,1967.9167
"817",55.7886139952842,-22.4495941394043,0.460937203901729,1968
"818",55.7880689441382,-19.7994443692906,2.31133270372847,1968.0833
"819",55.7875207201998,-12.1336664852354,6.54610260554382,1968.1667
"820",55.7869731339285,-1.4727297981467,-3.61428627598636,1968.25
"821",55.7864280138214,7.80180824296988,-3.78827897970444,1968.3333
"822",55.785887182945,16.5053287998277,-1.89125913786073,1968.4167
"823",55.7853543823089,26.0263872944837,0.188215382943099,1968.5
"824",55.7848313669833,25.0100525551016,-6.29492665534092,1968.5833
"825",55.7843198959559,14.4175524368793,-1.10191547479556,1968.6667
"826",55.7838235110867,2.28872571191695,1.62740783671207,1968.75
"827",55.7833438456641,-13.0172078290495,-0.966178768610419,1968.8333
"828",55.7828825473493,-22.4495941394043,-2.93333152857795,1968.9167
"829",55.7824428407405,-22.4495941394043,-8.03289164172149,1969
"830",55.7820261990038,-19.7994443692906,-2.78262460828516,1969.0833
"831",55.7816341225895,-12.1336664852354,-5.3480107292265,1969.1667
"832",55.7812694207238,-1.4727297981467,5.59141743699851,1969.25
"833",55.7809333838424,7.80180824296988,4.51721556131001,1969.3333
"834",55.780627346057,16.5053287998277,-3.68599920225627,1969.4167
"835",55.7803536295234,26.0263872944837,-1.30678386432578,1969.5
"836",55.7801133390581,25.0100525551016,3.30979125482422,1969.5833
"837",55.7799076435765,14.4175524368793,3.00249690419885,1969.6667
"838",55.7797383365493,2.28872571191695,-10.0685069887615,1969.75
"839",55.7796063557537,-13.0172078290495,4.33755857819239,1969.8333
"840",55.7795127275281,-22.4495941394043,4.77003844198288,1969.9167
"841",55.7794587056093,-22.4495941394043,-0.229907506536414,1970
"842",55.7794451000729,-19.7994443692906,8.31995632610884,1970.0833
"843",55.7794728374931,-12.1336664852354,-4.44584927314536,1970.1667
"844",55.779542648622,-1.4727297981467,-9.10685579084174,1970.25
"845",55.7796552727937,7.80180824296988,0.818493490139474,1970.3333
"846",55.7798115961781,16.5053287998277,3.51481673488721,1970.4167
"847",55.7800118653654,26.0263872944837,1.09355789976175,1970.5
"848",55.7802568183169,25.0100525551016,4.70964757916275,1970.5833
"849",55.7805473710817,14.4175524368793,-4.8981426230724,1970.6667
"850",55.7808833389638,2.28872571191695,-3.86965199126018,1970.75
"851",55.7812655336042,-13.0172078290495,0.635899192818634,1970.8333
"852",55.7816949751774,-22.4495941394043,0.167856404893179,1970.9167
"853",55.7821711052244,-22.4495941394043,-0.93261990622274,1971
"854",55.7826948823424,-19.7994443692906,3.11670632735321,1971.0833
"855",55.7832675015275,-12.1336664852354,-0.749643718096905,1971.1667
"856",55.783888083032,-1.4727297981467,-1.61120122523598,1971.25
"857",55.7845577965616,7.80180824296988,0.613590742261465,1971.3333
"858",55.7852780718866,16.5053287998277,-0.690649514084498,1971.4167
"859",55.7860477465368,26.0263872944837,-1.51247798128369,1971.5
"860",55.786868249974,25.0100525551016,6.50303591608525,1971.5833
"861",55.7877412899108,14.4175524368793,-3.40533630770842,1971.6667
"862",55.7886654388309,2.28872571191695,-2.47743409097881,1971.75
"863",55.7896424144291,-13.0172078290495,0.627522072780927,1971.8333
"864",55.7906742245661,-22.4495941394043,-2.74112260213568,1971.9167
"865",55.7917591691915,-22.4495941394043,-4.24220796997988,1972
"866",55.7928992601409,-19.7994443692906,4.20650170157348,1972.0833
"867",55.7940968048579,-12.1336664852354,9.23952723011163,1972.1667
"868",55.7953497970526,-1.4727297981467,-0.722662939164216,1972.25
"869",55.7966605262106,7.80180824296988,-0.698512245635165,1972.3333
"870",55.798031576805,16.5053287998277,3.29659724290646,1972.4167
"871",55.7994605787068,26.0263872944837,-3.22589081352154,1972.5
"872",55.8009500628998,25.0100525551016,2.18895383338806,1972.5833
"873",55.8025028496605,14.4175524368793,-3.8200975938725,1972.6667
"874",55.8041161289741,2.28872571191695,-3.09288478125544,1972.75
"875",55.8057926225223,-13.0172078290495,-1.58862841745807,1972.8333
"876",55.8075353319698,-22.4495941394043,-6.65798342342387,1972.9167
"877",55.8093409208842,-22.4495941394043,-3.85978972178579,1973
"878",55.8112122429261,-19.7994443692906,-0.111811576040751,1973.0833
"879",55.8131524205811,-12.1336664852354,0.420471913195286,1973.1667
"880",55.8151575035509,-1.4727297981467,-5.14247064575792,1973.25
"881",55.817230418517,7.80180824296988,0.980917554997774,1973.3333
"882",55.8193743498611,16.5053287998277,1.07525478060194,1973.4167
"883",55.8215846551201,26.0263872944837,1.25198511002225,1973.5
"884",55.8238642825537,25.0100525551016,1.96603929585369,1973.5833
"885",55.8262164288189,14.4175524368793,-3.74381085195895,1973.6667
"886",55.8286356995229,2.28872571191695,2.38259564820071,1973.75
"887",55.8311250275115,-13.0172078290495,-3.41396114899072,1973.8333
"888",55.833687588039,-22.4495941394043,4.51586464924033,1973.9167
"889",55.8363172011496,-22.4495941394043,-3.58676600211256,1974
"890",55.8390167670396,-19.7994443692906,5.06038356768462,1974.0833
"891",55.8417894266698,-12.1336664852354,-0.508164759649866,1974.1667
"892",55.8446282119077,-1.4727297981467,3.12805864593354,1974.25
"893",55.8475359958727,7.80180824296988,-3.24938835648964,1974.3333
"894",55.8505158956,16.5053287998277,7.24411356889647,1974.4167
"895",55.8535601847531,26.0263872944837,5.02000958040762,1974.5
"896",55.8566717381699,25.0100525551016,-3.76676849209809,1974.5833
"897",55.8598536823818,14.4175524368793,1.42255222538475,1974.6667
"898",55.8630975933998,2.28872571191695,4.74813375436936,1974.75
"899",55.8664063975098,-13.0172078290495,1.85075715430038,1974.8333
"900",55.8697832843145,-22.4495941394043,1.07976927714351,1974.9167
"901",55.8732192178942,-22.4495941394043,-1.52366801879326,1975
"902",55.8767172418713,-19.7994443692906,-4.17731722493792,1975.0833
"903",55.8802806773653,-12.1336664852354,-5.14665569606028,1975.1667
"904",55.8838999791459,-1.4727297981467,-12.411213121256,1975.25
"905",55.8875783834844,7.80180824296988,-5.08943105036459,1975.3333
"906",55.8913194192255,16.5053287998277,-3.49668965259916,1975.4167
"907",55.8951131411037,26.0263872944837,1.27845662410752,1975.5
"908",55.8989630548117,25.0100525551016,-4.60906010195599,1975.5833
"909",55.9028729727572,14.4175524368793,0.779533223701208,1975.6667
"910",55.9068326544602,2.28872571191695,-1.69560130671312,1975.75
"911",55.9108459449678,-13.0172078290495,-1.49368267283584,1975.8333
"912",55.914917007452,-22.4495941394043,6.03463582924886,1975.9167
"913",55.9190353958398,-22.4495941394043,2.83051580325274,1976
"914",55.9232053499195,-19.7994443692906,3.97619440014332,1976.0833
"915",55.9274314347339,-12.1336664852354,-3.09380619058986,1976.1667
"916",55.9317030638483,-1.4727297981467,0.240983793959522,1976.25
"917",55.936024906397,7.80180824296988,5.56212217083581,1976.3333
"918",55.9404019584931,16.5053287998277,-0.0457719392706366,1976.4167
"919",55.9448235275865,26.0263872944837,0.828746237596462,1976.5
"920",55.9492947219284,25.0100525551016,-2.05939201649687,1976.5833
"921",55.9538209725057,14.4175524368793,2.02858546925546,1976.6667
"922",55.9583914806667,2.28872571191695,0.852839867071751,1976.75
"923",55.963011777328,-13.0172078290495,3.05415125250497,1976.8333
"924",55.9676877060095,-22.4495941394043,6.18186537193692,1976.9167
"925",55.9724083282322,-22.4495941394043,-3.222857129195,1977
"926",55.9771795563734,-19.7994443692906,7.6222199531385,1977.0833
"927",55.982007600102,-12.1336664852354,-3.44838211523097,1977.1667
"928",55.9868813178676,-1.4727297981467,7.08580554001276,1977.25
"929",55.991806941744,7.80180824296988,-1.29366010643339,1977.3333
"930",55.996790981887,16.5053287998277,3.79783928066547,1977.4167
"931",56.0018220084288,26.0263872944837,-1.72825224311894,1977.5
"932",56.0069064973065,25.0100525551016,-2.71700403799257,1977.5833
"933",56.0120511811593,14.4175524368793,-0.829644491133507,1977.6667
"934",56.0172442445741,2.28872571191695,1.69398710330749,1977.75
"935",56.022492325563,-13.0172078290495,-2.20532954786474,1977.8333
"936",56.0278022972751,-22.4495941394043,1.52175103536943,1977.9167
"937",56.0331618609957,-22.4495941394043,-1.98361066185099,1978
"938",56.0385777379364,-19.7994443692906,-0.739178487466027,1978.0833
"939",56.0440568647344,-12.1336664852354,4.48956888142936,1978.1667
"940",56.0495863727378,-1.4727297981467,0.523100485031158,1978.25
"941",56.0551729990677,7.80180824296988,-3.25702642944265,1978.3333
"942",56.0608236802951,16.5053287998277,0.933806849385689,1978.4167
"943",56.0665249128941,26.0263872944837,-2.69295514780433,1978.5
"944",56.0722834017394,25.0100525551016,-1.18238121303682,1978.5833
"945",56.0781060404375,14.4175524368793,1.50430092086658,1978.6667
"946",56.0839786557024,2.28872571191695,3.92725269197345,1978.75
"947",56.089907896742,-13.0172078290495,-8.9727453920327,1978.8333
"948",56.0959005970521,-22.4495941394043,-6.84634699166583,1978.9167
"949",56.1019419139363,-22.4495941394043,-16.4523907148959,1979
"950",56.1080384453072,-19.7994443692906,-1.00863946692002,1979.0833
"951",56.1141969755832,-12.1336664852354,-0.880570958397819,1979.1667
"952",56.1204020296871,-1.4727297981467,-1.74771517188538,1979.25
"953",56.1266601865512,7.80180824296988,0.0714861153352899,1979.3333
"954",56.1329782202318,16.5053287998277,1.66165257509267,1979.4167
"955",56.13934009446,26.0263872944837,1.1342296706358,1979.5
"956",56.1457524266701,25.0100525551016,-0.455850498120171,1979.5833
"957",56.1522220435491,14.4175524368793,9.33018517471214,1979.6667
"958",56.1587324467282,2.28872571191695,4.55249890097573,1979.75
"959",56.1652903693516,-13.0172078290495,-4.74812811425655,1979.8333
"960",56.1719027720337,-22.4495941394043,9.37765107907349,1979.9167
"961",56.1785528119062,-22.4495941394043,-6.02900161281284,1980
"962",56.1852474271978,-19.7994443692906,1.6141513140764,1980.0833
"963",56.1919938041053,-12.1336664852354,-4.15836755415005,1980.1667
"964",56.1987748797728,-1.4727297981467,5.37391197810199,1980.25
"965",56.2055978901381,7.80180824296988,2.09254818806771,1980.3333
"966",56.2124703398751,16.5053287998277,0.682160675017499,1980.4167
"967",56.2193750649229,26.0263872944837,-0.745805299599425,1980.5
"968",56.2263196854226,25.0100525551016,-4.73641796757532,1980.5833
"969",56.23331210928,14.4175524368793,-0.450904683764591,1980.6667
"970",56.2403351718599,2.28872571191695,1.27089617604053,1980.75
"971",56.2473969489668,-13.0172078290495,1.56976510633436,1980.8333
"972",56.2545058196356,-22.4495941394043,10.495048228568,1980.9167
"973",56.2616446901782,-22.4495941394043,7.88790650901862,1981
"974",56.2688221409271,-19.7994443692906,2.13057640828834,1981.0833
"975",56.2760470658888,-12.1336664852354,5.75757937458801,1981.1667
"976",56.2833024763217,-1.4727297981467,1.98938438159034,1981.25
"977",56.2905974778746,7.80180824296988,-2.8924515882627,1981.3333
"978",56.2979414943162,16.5053287998277,-2.8033102910084,1981.4167
"979",56.3053176332939,26.0263872944837,0.468252131946343,1981.5
"980",56.3127355155875,25.0100525551016,3.27716601219676,1981.5833
"981",56.3202050781245,14.4175524368793,3.66220253882346,1981.6667
"982",56.3277094726603,2.28872571191695,-3.41647812492532,1981.75
"983",56.3352587938754,-13.0172078290495,4.38190306470503,1981.8333
"984",56.3428634443549,-22.4495941394043,2.20669080346209,1981.9167
"985",56.3505065267658,-22.4495941394043,-3.9009553278318,1982
"986",56.3581985401281,-19.7994443692906,-2.95880019935919,1982.0833
"987",56.3659502775186,-12.1336664852354,-1.23232362428836,1982.1667
"988",56.3737446649111,-1.4727297981467,-5.00105780725821,1982.25
"989",56.3815925129609,7.80180824296988,-3.48344684769785,1982.3333
"990",56.3895049080062,16.5053287998277,-2.89487347462726,1982.4167
"991",56.3974644469066,26.0263872944837,-3.42389468179383,1982.5
"992",56.4054821432126,25.0100525551016,2.28441914107488,1982.5833
"993",56.4135692646224,14.4175524368793,-3.23116139746146,1982.6667
"994",56.4217079134163,2.28872571191695,-3.11047656571571,1982.75
"995",56.4299091895903,-13.0172078290495,-5.9127475954881,1982.8333
"996",56.4381844240666,-22.4495941394043,-1.48862990462676,1982.9167
"997",56.446515058932,-22.4495941394043,7.2030361400596,1983
"998",56.4549121651957,-19.7994443692906,6.74448589005841,1983.0833
"999",56.4633870213201,-12.1336664852354,3.77023992441751,1983.1667
"1000",56.471920256297,-1.4727297981467,-3.29923339851077,1983.25
"1001",56.480522806069,7.80180824296988,-2.38237744573465,1983.3333
"1002",56.4892057915357,16.5053287998277,-1.09457404716903,1983.4167
"1003",56.4979489001637,26.0263872944837,-2.12437913492107,1983.5
"1004",56.5067628432906,25.0100525551016,2.8831381201431,1983.5833
"1005",56.5156584966149,14.4175524368793,-2.73325030409568,1983.6667
"1006",56.5246145118123,2.28872571191695,0.986616836048611,1983.75
"1007",56.5336413081003,-13.0172078290495,-0.916480045541995,1983.8333
"1008",56.5427494508794,-22.4495941394043,-15.1931945973125,1983.9167
"1009",56.5519165028721,-22.4495941394043,1.39763469634642,1984
"1010",56.5611525490472,-19.7994443692906,4.53824517047082,1984.0833
"1011",56.5704678048977,-12.1336664852354,-0.136840523274955,1984.1667
"1012",56.5798387358852,-1.4727297981467,-1.80715187795391,1984.25
"1013",56.5892750770842,7.80180824296988,0.608869950784793,1984.3333
"1014",56.5987866806463,16.5053287998277,-2.50415460658293,1984.4167
"1015",56.6083489517853,26.0263872944837,-0.634779186524241,1984.5
"1016",56.6179712854027,25.0100525551016,2.37192935700821,1984.5833
"1017",56.6276631815964,14.4175524368793,-5.24525467381521,1984.6667
"1018",56.6373990650305,2.28872571191695,-6.42616771721954,1984.75
"1019",56.6471880224702,-13.0172078290495,0.0699729388725814,1984.8333
"1020",56.6570392346775,-22.4495941394043,-3.00748408849215,1984.9167
"1021",56.6669262628664,-22.4495941394043,-6.2173750637221,1985
"1022",56.6768579354608,-19.7994443692906,-3.97746048920422,1985.0833
"1023",56.6868431633627,-12.1336664852354,-2.8532156195694,1985.1667
"1024",56.6968547915519,-1.4727297981467,4.97583206636281,1985.25
"1025",56.7069014521497,7.80180824296988,4.69124333778075,1985.3333
"1026",56.7169918469264,16.5053287998277,3.17764045175734,1985.4167
"1027",56.7270982734316,26.0263872944837,4.54647149176655,1985.5
"1028",56.7372292358786,25.0100525551016,-2.84732878977204,1985.5833
"1029",56.7473932931272,14.4175524368793,-9.16498460431038,1985.6667
"1030",56.757562376714,2.28872571191695,-2.8463310290275,1985.75
"1031",56.7677449319917,-13.0172078290495,-16.1505841201876,1985.8333
"1032",56.7779494411643,-22.4495941394043,-3.82839416219182,1985.9167
"1033",56.7881476550873,-22.4495941394043,6.66140354388304,1986
"1034",56.7983480249384,-19.7994443692906,-0.098950677799813,1986.0833
"1035",56.8085590178294,-12.1336664852354,10.3250686072332,1986.1667
"1036",56.8187523854037,-1.4727297981467,0.153934472253646,1986.25
"1037",56.8289366410057,7.80180824296988,0.769208102515236,1986.3333
"1038",56.8391202898864,16.5053287998277,6.05551203692833,1986.4167
"1039",56.8492752556538,26.0263872944837,-5.47570549062814,1986.5
"1040",56.8594101590982,25.0100525551016,0.730490294233476,1986.5833
"1041",56.8695335861153,14.4175524368793,-9.78712492251877,1986.6667
"1042",56.8796177883535,2.28872571191695,1.13161355927588,1986.75
"1043",56.889671526862,-13.0172078290495,-3.07251065480936,1986.8333
"1044",56.8997034988434,-22.4495941394043,0.649851702531585,1986.9167
"1045",56.9096864218249,-22.4495941394043,0.839864777191828,1987
"1046",56.9196292172903,-19.7994443692906,4.6797682413686,1987.0833
"1047",56.9295407126141,-12.1336664852354,4.40408678469799,1987.1667
"1048",56.9393942092247,-1.4727297981467,11.4332926486376,1987.25
"1049",56.9491987974375,7.80180824296988,4.64894610610672,1987.3333
"1050",56.9589634428464,16.5053287998277,3.43566870917624,1987.4167
"1051",56.9686621287267,26.0263872944837,-5.09509236336601,1987.5
"1052",56.9783041124403,25.0100525551016,-5.08840345434417,1987.5833
"1053",56.9878984966582,14.4175524368793,3.99450994890076,1987.6667
"1054",56.9974200250896,2.28872571191695,6.41381132289637,1987.75
"1055",57.0068781121898,-13.0172078290495,1.81028300496838,1987.8333
"1056",57.0162819893371,-22.4495941394043,0.333272955136074,1987.9167
"1057",57.0256072212273,-22.4495941394043,-2.67605602195601,1988
"1058",57.0348633634208,-19.7994443692906,4.06453437582775,1988.0833
"1059",57.0440597623935,-12.1336664852354,1.18956744391847,1988.1667
"1060",57.0531728479487,-1.4727297981467,4.31951400999321,1988.25
"1061",57.062212296696,7.80180824296988,4.23593291780469,1988.3333
"1062",57.0711875531384,16.5053287998277,10.0234442788419,1988.4167
"1063",57.0800759414776,26.0263872944837,4.39349382376933,1988.5
"1064",57.0888872368654,25.0100525551016,2.70101375734691,1988.5833
"1065",57.0976309627128,14.4175524368793,-0.71522286095194,1988.6667
"1066",57.1062853534778,2.28872571191695,6.8049459942396,1988.75
"1067",57.1148602590786,-13.0172078290495,-2.99769878574494,1988.8333
"1068",57.1233652616271,-22.4495941394043,-0.773810679414034,1988.9167
"1069",57.1317795094001,-22.4495941394043,1.51777168959768,1989
"1070",57.1401129027589,-19.7994443692906,-16.2407147923507,1989.0833
"1071",57.148375061757,-12.1336664852354,-2.61474823098193,1989.1667
"1072",57.1565460406384,-1.4727297981467,-0.0838591829176778,1989.25
"1073",57.1646357656848,7.80180824296988,-1.06649017003445,1989.3333
"1074",57.172653873792,16.5053287998277,1.32197757438792,1989.4167
"1075",57.1805813066224,26.0263872944837,2.99298845845472,1989.5
"1076",57.1884279917647,25.0100525551016,-3.49852661109841,1989.5833
"1077",57.1962035615356,14.4175524368793,0.78620415285306,1989.6667
"1078",57.2038898164872,2.28872571191695,-2.29265846881776,1989.75
"1079",57.211496660834,-13.0172078290495,2.40566519966169,1989.8333
"1080",57.219033700574,-22.4495941394043,-0.469479504844266,1989.9167
"1081",57.226483557488,-22.4495941394043,2.52306764154456,1990
"1082",57.2338560877823,-19.7994443692906,1.96554240634507,1990.0833
"1083",57.2411608492094,-12.1336664852354,0.492465600079221,1990.1667
"1084",57.2483812391179,-1.4727297981467,3.02430561872416,1990.25
"1085",57.2555270414329,7.80180824296988,-2.85738106937588,1990.3333
"1086",57.2626077439292,16.5053287998277,1.03202333139313,1990.4167
"1087",57.2696074673426,26.0263872944837,0.103962297872386,1990.5
"1088",57.2765359000043,25.0100525551016,-0.186634153752067,1990.5833
"1089",57.2834024388531,14.4175524368793,6.99900491451938,1990.6667
"1090",57.2901918711456,2.28872571191695,0.621039476617945,1990.75
"1091",57.2969137681505,-13.0172078290495,4.12024844407635,1990.8333
"1092",57.3035774169444,-22.4495941394043,-8.05402356763315,1990.9167
"1093",57.3101682118613,-22.4495941394043,-1.96061701280966,1991
"1094",57.3166955885786,-19.7994443692906,10.4827032408753,1991.0833
"1095",57.3231687082733,-12.1336664852354,0.110457411603747,1991.1667
"1096",57.3295735125586,-1.4727297981467,-3.75688665473513,1991.25
"1097",57.3359192871139,7.80180824296988,-3.93777299809236,1991.3333
"1098",57.3422150553634,16.5053287998277,-1.84758429051902,1991.4167
"1099",57.3484472481844,26.0263872944837,1.52512251703976,1991.5
"1100",57.3546249920644,25.0100525551016,4.63527705112172,1991.5833
"1101",57.3607571660738,14.4175524368793,1.72164989727716,1991.6667
"1102",57.3668306359181,2.28872571191695,-1.35559928811308,1991.75
"1103",57.3728543657324,-13.0172078290495,-5.8556918776376,1991.8333
"1104",57.3788370896147,-22.4495941394043,4.57071649132966,1991.9167
"1105",57.3847660585044,-22.4495941394043,4.7647851407106,1992
"1106",57.3906500774081,-19.7994443692906,9.40874900591996,1992.0833
"1107",57.3964977410635,-12.1336664852354,10.3371281326929,1992.1667
"1108",57.4022966414015,-1.4727297981467,4.67039021650967,1992.25
"1109",57.4080554336928,7.80180824296988,5.49009108643554,1992.3333
"1110",57.4137825847749,16.5053287998277,1.08084795667644,1992.4167
"1111",57.419465988374,26.0263872944837,-8.04589622314305,1992.5
"1112",57.4251141647031,25.0100525551016,-2.93521191342347,1992.5833
"1113",57.4307354689675,14.4175524368793,0.251671394079878,1992.6667
"1114",57.4363180613951,2.28872571191695,3.47491328640383,1992.75
"1115",57.441870345587,-13.0172078290495,-4.72470767278234,1992.8333
"1116",57.4474005845217,-22.4495941394043,-6.59784718061924,1992.9167
"1117",57.4528971716722,-22.4495941394043,-6.00334597258799,1993
"1118",57.4583684141782,-19.7994443692906,-7.558969169756,1993.0833
"1119",57.4638225031564,-12.1336664852354,4.66980321708657,1993.1667
"1120",57.4692480317199,-1.4727297981467,-0.89656117395073,1993.25
"1121",57.4746532299931,7.80180824296988,3.82349342756812,1993.3333
"1122",57.4800462360537,16.5053287998277,-4.28541582427657,1993.4167
"1123",57.4854158061052,26.0263872944837,-13.3118460409501,1993.5
"1124",57.4907701094476,25.0100525551016,-8.00086774467256,1993.5833
"1125",57.4961172458525,14.4175524368793,-1.91371048845168,1993.6667
"1126",57.5014460926388,2.28872571191695,-0.390214744953639,1993.75
"1127",57.5067647688286,-13.0172078290495,-5.98960200671071,1993.8333
"1128",57.512081344178,-22.4495941394043,3.03747197826076,1993.9167
"1129",57.5173847677355,-22.4495941394043,6.33216643124489,1994
"1130",57.5226831111652,-19.7994443692906,-0.823283801689534,1994.0833
"1131",57.5279844142047,-12.1336664852354,7.10564124898802,1994.1667
"1132",57.5332776396383,-1.4727297981467,3.6394092181153,1994.25
"1133",57.5385708057534,7.80180824296988,4.15957589255582,1994.3333
"1134",57.5438719128177,16.5053287998277,1.45075846626141,1994.4167
"1135",57.549169870623,26.0263872944837,-0.275600105503699,1994.5
"1136",57.5544726286381,25.0100525551016,2.93542975275632,1994.5833
"1137",57.5597881284811,14.4175524368793,5.32261862026031,1994.6667
"1138",57.5651051525549,2.28872571191695,-4.05387380480337,1994.75
"1139",57.5704315570833,-13.0172078290495,-6.25326880181915,1994.8333
"1140",57.5757751967828,-22.4495941394043,1.37377814044717,1994.9167
"1141",57.5811246468866,-22.4495941394043,-0.631573447733757,1995
"1142",57.5864876383098,-19.7994443692906,5.0129116417643,1995.0833
"1143",57.5918719031007,-12.1336664852354,-0.458246203019073,1995.1667
"1144",57.5972657275284,-1.4727297981467,-3.0245788696581,1995.25
"1145",57.6026766796453,7.80180824296988,-3.90453003168584,1995.3333
"1146",57.6081123278637,16.5053287998277,-0.913481891653007,1995.4167
"1147",57.6135605899028,26.0263872944837,-1.53999082462173,1995.5
"1148",57.6190288306366,25.0100525551016,2.87087348176073,1995.5833
"1149",57.62452441153,14.4175524368793,0,1995.6667
"1150",57.6300348274139,2.28872571191695,0,1995.75
"1151",57.6355673106889,-13.0172078290495,2.18159535973555,1995.8333
"1152",57.6411291797898,-22.4495941394043,2.50842424696548,1995.9167
"1153",57.6467076328063,-22.4495941394043,-4.79715643363641,1996
"1154",57.6523097365626,-19.7994443692906,-0.252910554014917,1996.0833
"1155",57.6579425436471,-12.1336664852354,-5.02431674249101,1996.1667
"1156",57.6635926994943,-1.4727297981467,1.20909415843605,1996.25
"1157",57.669266962967,7.80180824296988,-7.77112042160745,1996.3333
"1158",57.6749720720899,16.5053287998277,2.61965847282715,1996.4167
"1159",57.6806940901043,26.0263872944837,0.692875675146283,1996.5
"1160",57.6864394485203,25.0100525551016,1.90346275244677,1996.5833
"1161",57.6922145502537,14.4175524368793,-2.10980761471933,1996.6667
"1162",57.6980048697388,2.28872571191695,-2.18677352191099,1996.75
"1163",57.703816501986,-13.0172078290495,-5.18665394293116,1996.8333
"1164",57.7096555047089,-22.4495941394043,-1.76010196792966,1996.9167
"1165",57.7155067812488,-22.4495941394043,-4.46595558219931,1997
"1166",57.7213760918012,-19.7994443692906,-1.32197701499551,1997.0833
"1167",57.7272691496414,-12.1336664852354,3.10635675365749,1997.1667
"1168",57.7331703289354,-1.4727297981467,-7.460483471217,1997.25
"1169",57.7390850671296,7.80180824296988,1.35906138011917,1997.3333
"1170",57.7450187440586,16.5053287998277,-2.55038811062526,1997.4167
"1171",57.7509552692091,26.0263872944837,-5.97738550414364,1997.5
"1172",57.7568997783056,25.0100525551016,-3.16699765392593,1997.5833
"1173",57.7628573374034,14.4175524368793,1.3195496673064,1997.6667
"1174",57.768811475441,2.28872571191695,-2.75758012777614,1997.75
"1175",57.7747670541826,-13.0172078290495,-1.75760454868283,1997.8333
"1176",57.7807288519197,-22.4495941394043,-2.53117527061872,1997.9167
"1177",57.7866801168134,-22.4495941394043,-0.437128917800997,1998
"1178",57.7926254683931,-19.7994443692906,2.60677358294866,1998.0833
"1179",57.7985694267396,-12.1336664852354,-1.36494350827484,1998.1667
"1180",57.80449507001,-1.4727297981467,0.168191787766773,1998.25
"1181",57.8104068081459,7.80180824296988,3.48773964604852,1998.3333
"1182",57.8163089331052,16.5053287998277,-8.12167831803208,1998.4167
"1183",57.8221844699288,26.0263872944837,0.251385295255474,1998.5
"1184",57.8280376495499,25.0100525551016,1.2618645176529,1998.5833
"1185",57.8338725635272,14.4175524368793,4.94853438592153,1998.6667
"1186",57.8396723020794,2.28872571191695,-2.32844095433435,1998.75
"1187",57.8454409429893,-13.0172078290495,0.97172164399106,1998.8333
"1188",57.8511824002627,-22.4495941394043,-2.8016289136123,1998.9167
"1189",57.8568799448245,-22.4495941394043,1.79267125431815,1999
"1190",57.8625375203575,-19.7994443692906,4.03686165315938,1999.0833
"1191",57.8681588793711,-12.1336664852354,3.36546690339372,1999.1667
"1192",57.8737275829143,-1.4727297981467,-3.40104072498413,1999.25
"1193",57.8792474514529,7.80180824296988,-3.68110083331378,1999.3333
"1194",57.8847220840863,16.5053287998277,-3.99009164679795,1999.4167
"1195",57.8901354329487,26.0263872944837,-1.61656566766479,1999.5
"1196",57.8954911974377,25.0100525551016,1.2944111759589,1999.5833
"1197",57.9007928229609,14.4175524368793,-3.31838609361836,1999.6667
"1198",57.9060247439464,2.28872571191695,4.00520660387637,1999.75
"1199",57.9111905323334,-13.0172078290495,10.2059723029217,1999.8333
"1200",57.9162934715284,-22.4495941394043,3.23325975298037,1999.9167
"1201",57.9213185594,-22.4495941394043,1.1282326397239,2000
"1202",57.926269226358,-19.7994443692906,5.97313023683795,2000.0833
"1203",57.9311485784203,-12.1336664852354,4.10247690091128,2000.1667
"1204",57.9359422485031,-1.4727297981467,4.03674460935006,2000.25
"1205",57.9406535050798,7.80180824296988,-0.942506556768052,2000.3333
"1206",57.9452852556922,16.5053287998277,-0.250655161947606,2000.4167
"1207",57.9498238314983,26.0263872944837,2.02374593373656,2000.5
"1208",57.9542723139161,25.0100525551016,2.43563042895828,2000.5833
"1209",57.9586333868282,14.4175524368793,-1.77622703980914,2000.6667
"1210",57.9628941358882,2.28872571191695,-3.25166278810083,2000.75
"1211",57.967057427311,-13.0172078290495,-12.7498941847412,2000.8333
"1212",57.9711256936581,-22.4495941394043,-3.42157288891574,2000.9167
"1213",57.9750868259607,-22.4495941394043,-1.22553562693541,2001
"1214",57.9789434456196,-19.7994443692906,-5.57954353878056,2001.0833
"1215",57.9826977051822,-12.1336664852354,1.2509273184538,2001.1667
"1216",57.9863383480156,-1.4727297981467,-1.0136514902659,2001.25
"1217",57.9898677209165,7.80180824296988,4.80827970597127,2001.3333
"1218",57.993287667866,16.5053287998277,0.00134193580446151,2001.4167
"1219",57.9965878287729,26.0263872944837,-0.923018063623729,2001.5
"1220",57.9997702468105,25.0100525551016,4.79013300809576,2001.5833
"1221",58.0028364297879,14.4175524368793,5.47956939417118,2001.6667
"1222",58.0057769564623,2.28872571191695,-1.59454560876149,2001.75
"1223",58.0085935387093,-13.0172078290495,6.9085702479199,2001.8333
"1224",58.0112873219929,-22.4495941394043,0.238264928154635,2001.9167
"1225",58.0138498648355,-22.4495941394043,0.335701334150606,2002
"1226",58.0162825217836,-19.7994443692906,-0.0168820400891576,2002.0833
"1227",58.0185860514303,-12.1336664852354,-6.8849616125433,2002.1667
"1228",58.0207530318708,-1.4727297981467,-1.0480661740722,2002.25
"1229",58.0227844360363,7.80180824296988,-2.82463640484923,2002.3333
"1230",58.0246806128532,16.5053287998277,-0.730051622929594,2002.4167
"1231",58.0264351988531,26.0263872944837,2.44713456629489,2002.5
"1232",58.0280487628734,25.0100525551016,-3.43814487559308,2002.5833
"1233",58.0295212232088,14.4175524368793,0.352883959221586,2002.6667
"1234",58.030847312941,2.28872571191695,-5.91961596521676,2002.75
"1235",58.0320271763216,-13.0172078290495,0.085137269779274,2002.8333
"1236",58.0330602821282,-22.4495941394043,4.91649130010229,2002.9167
"1237",58.0339424977185,-22.4495941394043,5.81560870147774,2003
"1238",58.0346735246611,-19.7994443692906,-3.73527235761109,2003.0833
"1239",58.0352523659336,-12.1336664852354,0.498371379656341,2003.1667
"1240",58.03567606112,-1.4727297981467,1.5370107968125,2003.25
"1241",58.0359438541182,7.80180824296988,-1.03779511307708,2003.3333
"1242",58.0360542692776,16.5053287998277,-0.941425996935223,2003.4167
"1243",58.0360055574531,26.0263872944837,5.83756420781046,2003.5
"1244",58.0357964940357,25.0100525551016,5.55410812655761,2003.5833
"1245",58.0354251165356,14.4175524368793,1.84697932534409,2003.6667
"1246",58.0348909282903,2.28872571191695,6.57634041956734,2003.75
"1247",58.0341922307863,-13.0172078290495,-5.51702702923687,2003.8333
"1248",58.0333265724957,-22.4495941394043,3.01622424736053,2003.9167
"1249",58.0322947537313,-22.4495941394043,-0.882743554521923,2004
"1250",58.0310946035228,-19.7994443692906,0.0683073396824838,2004.0833
"1251",58.0297231865902,-12.1336664852354,9.00389977618611,2004.1667
"1252",58.0281826489247,-1.4727297981467,4.24450420896643,2004.25
"1253",58.0264703567331,7.80180824296988,-3.62832082028224,2004.3333
"1254",58.0245829050696,16.5053287998277,-3.32995543433404,2004.4167
"1255",58.0225238390359,26.0263872944837,-1.64895407386571,2004.5
"1256",58.0202900808472,25.0100525551016,-3.4303846473945,2004.5833
"1257",58.0178777797483,14.4175524368793,-3.1354741564372,2004.6667
"1258",58.0152919379011,2.28872571191695,-0.904060590253458,2004.75
"1259",58.0125290620601,-13.0172078290495,0.604636967651651,2004.8333
"1260",58.0095848896297,-22.4495941394043,4.9399650969317,2004.9167
"1261",58.0064659411742,-22.4495941394043,-0.156914742242712,2005
"1262",58.0031683459664,-19.7994443692906,7.59623443822582,2005.0833
"1263",57.9996874732135,-12.1336664852354,3.83393464444635,2005.1667
"1264",57.9960314244023,-1.4727297981467,1.37665543329295,2005.25
"1265",57.9921959976349,7.80180824296988,-1.69404561033659,2005.3333
"1266",57.988176245879,16.5053287998277,-3.09354962865773,2005.4167
"1267",57.9839819118911,26.0263872944837,2.48958785322539,2005.5
"1268",57.9796085152165,25.0100525551016,-0.589702224837865,2005.5833
"1269",57.9750508505583,14.4175524368793,1.20735191486918,2005.6667
"1270",57.9703203557353,2.28872571191695,3.14091099199456,2005.75
"1271",57.9654123277471,-13.0172078290495,-0.74824543961536,2005.8333
"1272",57.9603213638812,-22.4495941394043,-2.91077223486595,2005.9167
"1273",57.9550606390587,-22.4495941394043,6.59449055999206,2006
"1274",57.9496252835584,-19.7994443692906,-1.35022164483088,2006.0833
"1275",57.9440097571667,-12.1336664852354,0.389611508797621,2006.1667
"1276",57.938228996551,-1.4727297981467,4.63445786129082,2006.25
"1277",57.9322780168953,7.80180824296988,3.06587321505312,2006.3333
"1278",57.9261511952956,16.5053287998277,2.96847458242812,2006.4167
"1279",57.9198652317902,26.0263872944837,5.15370453352369,2006.5
"1280",57.9134150698002,25.0100525551016,-0.423507951438651,2006.5833
"1281",57.9067950492746,14.4175524368793,-0.724393104316974,2006.6667
"1282",57.9000236071469,2.28872571191695,-2.48879225926878,2006.75
"1283",57.8930956463438,-13.0172078290495,-0.375927954278467,2006.8333
"1284",57.8860055021619,-22.4495941394043,2.16354283287087,2006.9167
"1285",57.8787732898736,-22.4495941394043,-1.92922209068543,2007
"1286",57.8713938880331,-19.7994443692906,2.22801052296131,2007.0833
"1287",57.8638616437583,-12.1336664852354,8.7697588624391,2007.1667
"1288",57.8561982576077,-1.4727297981467,0.916488600281255,2007.25
"1289",57.8483985827237,7.80180824296988,3.74975338188493,2007.3333
"1290",57.8404569766467,16.5053287998277,3.45416808316465,2007.4167
"1291",57.8323965972231,26.0263872944837,8.44117316798396,2007.5
"1292",57.8242122532843,25.0100525551016,1.66569555058301,2007.5833
"1293",57.8158982930459,14.4175524368793,0.466502983512953,2007.6667
"1294",57.8074791704567,2.28872571191695,-0.596247822656665,2007.75
"1295",57.7989496140466,-13.0172078290495,0.518218709400315,2007.8333
"1296",57.7903039256438,-22.4495941394043,-1.84075620256287,2007.9167
"1297",57.7815676649038,-22.4495941394043,-1.7320164658123,2008
"1298",57.7727354292367,-19.7994443692906,2.72666955257824,2008.0833
"1299",57.7638014222061,-12.1336664852354,-1.13018146562898,2008.1667
"1300",57.7547920956548,-1.4727297981467,-2.48210523787657,2008.25
"1301",57.7457018538088,7.80180824296988,-3.3475493840875,2008.3333
"1302",57.7365247391008,16.5053287998277,-1.54190016171299,2008.4167
"1303",57.7272878667155,26.0263872944837,1.24628189839791,2008.5
"1304",57.7179853790485,25.0100525551016,1.67192286037937,2008.5833
"1305",57.708611088379,14.4175524368793,-0.626210223841966,2008.6667
"1306",57.6991925380555,2.28872571191695,1.11203880960161,2008.75
"1307",57.6897235387611,-13.0172078290495,3.92744514840984,2008.8333
"1308",57.6801976028528,-22.4495941394043,-5.43065021963492,2008.9167
"1309",57.6706424699027,-22.4495941394043,2.6789087290983,2009
"1310",57.6610515533004,-19.7994443692906,4.63835372001412,2009.0833
"1311",57.6514180005131,-12.1336664852354,-1.81779831160389,2009.1667
"1312",57.641769528025,-1.4727297981467,-2.56908267023991,2009.25
"1313",57.6320990959094,7.80180824296988,2.86605359431701,2009.3333
"1314",57.6223994317391,16.5053287998277,-3.22777505159296,2009.4167
"1315",57.6126980307594,26.0263872944837,-1.13912826552448,2009.5
"1316",57.6029873577548,25.0100525551016,-1.41307896601595,2009.5833
"1317",57.5932596796767,14.4175524368793,8.48914105460999,2009.6667
"1318",57.5835421005673,2.28872571191695,-9.5723107528306,2009.75
"1319",57.5738265653283,-13.0172078290495,1.94334221026281,2009.8333
"1320",57.5641048569191,-22.4495941394043,-8.11455754189066,2009.9167
"1321",57.5544035514442,-22.4495941394043,-1.10485235235633,2010
"1322",57.5447140685639,-19.7994443692906,-2.84530876497715,2010.0833
"1323",57.5350277028405,-12.1336664852354,2.79859197400756,2010.1667
"1324",57.525370401642,-1.4727297981467,-2.0526835437153,2010.25
"1325",57.5157330735372,7.80180824296988,-8.41758040456589,2010.3333
"1326",57.5061065392312,16.5053287998277,-5.81148212204018,2010.4167
"1327",57.4965160528144,26.0263872944837,-3.72294628751133,2010.5
"1328",57.4869520440912,25.0100525551016,-3.99704371782934,2010.5833
"1329",57.4774048918361,14.4175524368793,-0.795004078882783,2010.6667
"1330",57.4678991265959,2.28872571191695,3.04333222124914,2010.75
"1331",57.4584247471677,-13.0172078290495,-7.44125607355345,2010.8333
"1332",57.4489717367937,-22.4495941394043,-2.49942430912194,2010.9167
"1333",57.43956390254,-22.4495941394043,-1.59001270339346,2011
"1334",57.4301908715371,-19.7994443692906,-6.83078569891009,2011.0833
"1335",57.4208422884114,-12.1336664852354,-0.887222472708238,2011.1667
"1336",57.4115412617325,-1.4727297981467,-6.43885440393933,2011.25
"1337",57.4022771133277,7.80180824296988,-6.80412459695945,2011.3333
"1338",57.3930392121151,16.5053287998277,-4.4984146369887,2011.4167
"1339",57.3838500117727,26.0263872944837,-0.0102802466189189,2011.5
"1340",57.3746985974351,25.0100525551016,0.615209561575654,2011.5833
"1341",57.365574126545,14.4175524368793,4.71682685693062,2011.6667
"1342",57.3564984536048,2.28872571191695,-0.945267105889357,2011.75
"1343",57.3474604933792,-13.0172078290495,-2.03029199560325,2011.8333
"1344",57.3384492530749,-22.4495941394043,1.31109835180089,2011.9167
"1345",57.3294860497197,-22.4495941394043,5.62006514929205,2012
"1346",57.3205596878986,-19.7994443692906,-1.32115469432733,2012.0833
"1347",57.3116590792638,-12.1336664852354,8.52196091542582,2012.1667
"1348",57.3028050658747,-1.4727297981467,4.46988179191529,2012.25
"1349",57.2939863933521,7.80180824296988,-2.49583405479679,2012.3333
"1350",57.2851919234404,16.5053287998277,1.30943282825133,2012.4167
"1351",57.2764420826574,26.0263872944837,2.79712768249431,2012.5
"1352",57.2677255983359,25.0100525551016,2.02218238761918,2012.5833
"1353",57.2590313176722,14.4175524368793,3.92336983660195,2012.6667
"1354",57.2503793056823,2.28872571191695,-2.53914795789157,2012.75
"1355",57.2417583012597,-13.0172078290495,2.6754100311802,2012.8333
"1356",57.233157162204,-22.4495941394043,-0.783609394894,2012.9167
"1357",57.2245956399112,-22.4495941394043,-0.875044440826386,2013
"1358",57.2160625048397,-19.7994443692906,-0.316657666824483,2013.0833
"1359",57.2075466415859,-12.1336664852354,0.826073505070823,2013.1667
"1360",57.1990675302986,-1.4727297981467,-3.92638067247052,2013.25
"1361",57.1906139851722,7.80180824296988,-1.19246179065802,2013.3333
"1362",57.1821749270614,16.5053287998277,0.512449964706519,2013.4167
"1363",57.1737696034684,26.0263872944837,0.999800161756156,2013.5
"1364",57.1653868794171,25.0100525551016,0.824520975239977,2013.5833
"1365",57.1570157176018,14.4175524368793,-0.974614436360795,2013.6667
"1366",57.1486751701277,2.28872571191695,-6.4374438223326,2013.75
"1367",57.1403541579641,-13.0172078290495,-0.223185943231776,2013.8333
"1368",57.1320416904878,-22.4495941394043,-4.78249381012272,2013.9167
"1369",57.1237566629048,-22.4495941394043,3.72579453623378,2014
"1370",57.1154880583731,-19.7994443692906,-10.4160833237541,2014.0833
"1371",57.1072249400519,-12.1336664852354,-2.67360469477725,2014.1667
"1372",57.0989860883595,-1.4727297981467,-0.626299230545925,2014.25
"1373",57.0907605587147,7.80180824296988,-0.892608453042399,2014.3333
"1374",57.0825374799987,16.5053287998277,-5.28791250448022,2014.4167
"1375",57.0743355652381,26.0263872944837,1.09923419991794,2014.5
"1376",57.066143958096,25.0100525551016,-3.07623617753835,2014.5833
"1377",57.0579518718109,14.4175524368793,1.02444947850994,2014.6667
"1378",57.0497780054567,2.28872571191695,6.86145334230896,2014.75
"1379",57.041611614078,-13.0172078290495,-3.52444345884409,2014.8333
"1380",57.0334420216443,-22.4495941394043,3.41610591343959,2014.9167
"1381",57.0252879724383,-22.4495941394043,0,2015
"1382",57.0171388555775,-19.7994443692906,7.68226583348657,2015.0833
"1383",57.0089840999464,-12.1336664852354,9.92463618644157,2015.1667
"1384",57.0008425106642,-1.4727297981467,1.57184434718204,2015.25
"1385",56.9927036167704,7.80180824296988,-3.89455154363652,2015.3333
"1386",56.9845570253496,16.5053287998277,6.31006797881943,2015.4167
"1387",56.9764217171039,26.0263872944837,-2.90285195191387,2015.5
"1388",56.9682874448553,25.0100525551016,0.0216203145542408,2015.5833
"1389",56.9601440497385,14.4175524368793,2.52225731836441,2015.6667
"1390",56.9520107545399,2.28872571191695,3.5592205931984,2015.75
"1391",56.9438775850167,-13.0172078290495,-5.32670944175063,2015.8333
